[{"url": "http://openzaak/catalogi/api/v1/catalogussen/4cd1e38f-8deb-443e-867c-3030a029da31", "domein": "SWF", "rsin": "823288444", "contactpersoon_beheer_naam": "Eduard Witteveen", "contactpersoon_beheer_telefoonnummer": "06 256 905 94", "contactpersoon_beheer_emailadres": "e.witteveen@sudwestfryslan.nl", "zaaktypen": ["http://openzaak/catalogi/api/v1/zaaktypen/207ce64c-5551-4cb4-918f-f8d3668698d1", "http://openzaak/catalogi/api/v1/zaaktypen/1047b90d-3793-41c4-afdc-0ae9741ff55a", "http://openzaak/catalogi/api/v1/zaaktypen/59dc9df4-13c0-4a06-80e1-2cd428e56808", "http://openzaak/catalogi/api/v1/zaaktypen/b755ba86-e094-46f3-b5d9-4ca3eca2ba67", "http://openzaak/catalogi/api/v1/zaaktypen/b8f03578-aa6f-4af1-8550-3e919e2cd916", "http://openzaak/catalogi/api/v1/zaaktypen/afdabc5c-263e-45b1-a856-e85e101f3077", "http://openzaak/catalogi/api/v1/zaaktypen/6029ac16-49f4-4c57-979b-9575dfbd4075", "http://openzaak/catalogi/api/v1/zaaktypen/5a94043b-4e93-4995-8551-693091d6b788", "http://openzaak/catalogi/api/v1/zaaktypen/b8c0270d-a365-4589-b85b-64514de6a1b4", "http://openzaak/catalogi/api/v1/zaaktypen/d7e885cf-5772-485a-8ae7-e946ce72d3ee", "http://openzaak/catalogi/api/v1/zaaktypen/e29d69a5-3b83-4852-9489-8cc07f736a1b", "http://openzaak/catalogi/api/v1/zaaktypen/ec493163-76f6-460d-95bc-940121c9a06e", "http://openzaak/catalogi/api/v1/zaaktypen/0c6c9ba1-9737-45b5-a243-f001e7bad33f", "http://openzaak/catalogi/api/v1/zaaktypen/e48e6ca5-5f5f-4995-954f-9cc7c222c35b", "http://openzaak/catalogi/api/v1/zaaktypen/8cf3c9c3-420f-41be-ad11-216961d5e332", "http://openzaak/catalogi/api/v1/zaaktypen/c763a3e8-10a7-468c-956c-df02ac03183d", "http://openzaak/catalogi/api/v1/zaaktypen/192c33dc-dd7d-4fc0-ba4b-c78ebbc1ae24", "http://openzaak/catalogi/api/v1/zaaktypen/98c877b6-ae50-42fd-b3fe-8c46b611eae9", "http://openzaak/catalogi/api/v1/zaaktypen/86afc05e-ac9c-4588-ad92-5c2a237b3cdb", "http://openzaak/catalogi/api/v1/zaaktypen/fdf65b61-04d7-4e43-b9d6-a597c72435ca", "http://openzaak/catalogi/api/v1/zaaktypen/0804e691-7330-452e-8a5f-f531d006a6d9", "http://openzaak/catalogi/api/v1/zaaktypen/6f18a99f-9884-419c-86d7-602b578e7171", "http://openzaak/catalogi/api/v1/zaaktypen/f621e583-976e-4594-9986-3d7f4071a740", "http://openzaak/catalogi/api/v1/zaaktypen/6fbd030a-b2ec-4d01-ab01-3dbe3a9d65a1", "http://openzaak/catalogi/api/v1/zaaktypen/c79a6199-a5ba-4b1e-9205-31d843d2a62f", "http://openzaak/catalogi/api/v1/zaaktypen/83809149-0df9-49e7-a10e-2bde29c54b6a", "http://openzaak/catalogi/api/v1/zaaktypen/8b1296b3-ce2e-4f09-9d4d-1b34abd22bb1", "http://openzaak/catalogi/api/v1/zaaktypen/b247a9c2-6aa2-4940-abb4-77ac23805252", "http://openzaak/catalogi/api/v1/zaaktypen/0358f4c1-c6a2-45b2-88f8-973e22368cd0", "http://openzaak/catalogi/api/v1/zaaktypen/fb16166d-f881-43f0-8d1c-b93d4b021854", "http://openzaak/catalogi/api/v1/zaaktypen/38b18fc7-0a32-4e4c-aed1-eb04a91b9731", "http://openzaak/catalogi/api/v1/zaaktypen/9a0207e3-7a1d-4a9f-a441-9cf9163ad0e6", "http://openzaak/catalogi/api/v1/zaaktypen/3d0a74d5-4380-4718-b363-24855415de22", "http://openzaak/catalogi/api/v1/zaaktypen/f57b1555-7399-462c-acbc-a064027783c0", "http://openzaak/catalogi/api/v1/zaaktypen/43d5c4a4-d373-42b7-a527-835dc7b2c56b", "http://openzaak/catalogi/api/v1/zaaktypen/46ed10c4-3070-40fe-9688-c635b474129a", "http://openzaak/catalogi/api/v1/zaaktypen/ee91f9db-ec1b-45d7-87da-6e9f0c242822", "http://openzaak/catalogi/api/v1/zaaktypen/d3b86f54-d634-417f-bd19-0b733fbd9eee", "http://openzaak/catalogi/api/v1/zaaktypen/9d8cf46e-8bab-44c0-99bd-7cc9a3091700", "http://openzaak/catalogi/api/v1/zaaktypen/bcaacc28-04d9-40cc-a47d-74840187c4e3", "http://openzaak/catalogi/api/v1/zaaktypen/3f1ee061-302a-4c04-8ebb-613d036f0ec0", "http://openzaak/catalogi/api/v1/zaaktypen/a1bf639d-3bc3-410b-86ea-a6adb1695d69", "http://openzaak/catalogi/api/v1/zaaktypen/37601a40-9a2c-46f0-8363-ca5a963fec27", "http://openzaak/catalogi/api/v1/zaaktypen/379b6ddb-5c21-4830-b9ed-ea7e6a32fe3f", "http://openzaak/catalogi/api/v1/zaaktypen/56e85dc4-b158-49e9-804b-ec6276b720b3", "http://openzaak/catalogi/api/v1/zaaktypen/27207e87-1d22-4a8c-98ce-0fd4ca158093", "http://openzaak/catalogi/api/v1/zaaktypen/71a0e6a1-3cf0-4c38-b6e9-deb06d8bd400", "http://openzaak/catalogi/api/v1/zaaktypen/7be13670-5636-4f05-bf8a-d407bc8111ab", "http://openzaak/catalogi/api/v1/zaaktypen/f0783470-55c9-480e-95c8-90617b1faef3", "http://openzaak/catalogi/api/v1/zaaktypen/debf12c2-bd6e-4107-a050-86572c1f306f", "http://openzaak/catalogi/api/v1/zaaktypen/8f1a8312-34c4-4dc1-a93d-71664ae61625", "http://openzaak/catalogi/api/v1/zaaktypen/b40ac33c-d694-4e04-a868-a844498f4266", "http://openzaak/catalogi/api/v1/zaaktypen/d9249ba5-6fe4-4cd1-bea7-987b492f09da", "http://openzaak/catalogi/api/v1/zaaktypen/5eab52cb-b830-4f2f-aabb-3849407f1921", "http://openzaak/catalogi/api/v1/zaaktypen/7d16b265-7394-483f-bda5-022c1e5d1fe7", "http://openzaak/catalogi/api/v1/zaaktypen/ced38737-6bb0-4db9-88d1-b2f3722cf5b6", "http://openzaak/catalogi/api/v1/zaaktypen/491a9dd9-a60b-4cb2-855d-94701e89f284", "http://openzaak/catalogi/api/v1/zaaktypen/97c564f0-91bf-47f5-872f-8cb64603b3a1", "http://openzaak/catalogi/api/v1/zaaktypen/3374696b-2c00-4774-bb71-9e6ae6217e3f", "http://openzaak/catalogi/api/v1/zaaktypen/b279db44-d4d3-4d6a-8720-089897de520d", "http://openzaak/catalogi/api/v1/zaaktypen/3714b1c4-26c7-40cc-a1d3-2698562bf580", "http://openzaak/catalogi/api/v1/zaaktypen/8bd7eafc-e4d1-428b-afa9-006d4f30ac50", "http://openzaak/catalogi/api/v1/zaaktypen/182247f5-373a-4024-a704-52aaafd33bbe", "http://openzaak/catalogi/api/v1/zaaktypen/54c041ae-9491-4aaa-a01a-5f374a1fca64", "http://openzaak/catalogi/api/v1/zaaktypen/51f6c7ae-9690-4658-9a12-a36df663a296", "http://openzaak/catalogi/api/v1/zaaktypen/4a397034-f98d-4dbd-b612-1f57d0f37e52", "http://openzaak/catalogi/api/v1/zaaktypen/de5736df-dddd-4210-bfc3-757e9ba5807b", "http://openzaak/catalogi/api/v1/zaaktypen/7e34d241-d542-4ea5-9fff-06cad64eac45"], "besluittypen": [], "informatieobjecttypen": ["http://openzaak/catalogi/api/v1/informatieobjecttypen/002af994-6862-4c97-92d3-f895a2c1a72c", "http://openzaak/catalogi/api/v1/informatieobjecttypen/6d18b830-a02f-4a60-8202-0126b348412f", "http://openzaak/catalogi/api/v1/informatieobjecttypen/93884219-9245-4240-91cf-dd5ee07c42e6", "http://openzaak/catalogi/api/v1/informatieobjecttypen/55e01b04-e961-404d-a5ca-6669b942edd9", "http://openzaak/catalogi/api/v1/informatieobjecttypen/ede7d6c0-b12e-480a-b85f-dea4a1da38b2", "http://openzaak/catalogi/api/v1/informatieobjecttypen/f24f99ab-a67b-42be-85a2-c0cff9df204f", "http://openzaak/catalogi/api/v1/informatieobjecttypen/b64dfe35-5aac-4eb3-a15d-8d453f7794dd", "http://openzaak/catalogi/api/v1/informatieobjecttypen/762101ac-caa0-4042-80f0-0c069115a661", "http://openzaak/catalogi/api/v1/informatieobjecttypen/bd84c34d-86da-499c-a393-a02485c8b0b4", "http://openzaak/catalogi/api/v1/informatieobjecttypen/fc530eb8-7633-40fc-8d9d-46e46ad4cf71", "http://openzaak/catalogi/api/v1/informatieobjecttypen/e7b7559e-acd7-4de6-918e-8f42e49d70de", "http://openzaak/catalogi/api/v1/informatieobjecttypen/319832ed-4156-4bfd-9ea5-7bf2b0e39d73", "http://openzaak/catalogi/api/v1/informatieobjecttypen/d957cc41-8dcd-41ac-81b3-ae33fed5e03a", "http://openzaak/catalogi/api/v1/informatieobjecttypen/dc55f8c3-8ad6-43b0-8080-39eb20f2f41b", "http://openzaak/catalogi/api/v1/informatieobjecttypen/cceea192-ad57-4c8e-b9db-bfe42dfb7ac1", "http://openzaak/catalogi/api/v1/informatieobjecttypen/4c4f14b6-098c-41ee-97be-307da2e797ff", "http://openzaak/catalogi/api/v1/informatieobjecttypen/96a4e813-4525-4fd5-914f-b912459648c8", "http://openzaak/catalogi/api/v1/informatieobjecttypen/03b3904f-9d84-4d3c-8c9f-da67d9a9a2cc", "http://openzaak/catalogi/api/v1/informatieobjecttypen/5c0bafab-0c9f-43d9-8393-abead876014e", "http://openzaak/catalogi/api/v1/informatieobjecttypen/d93371e2-5f44-4ffb-871d-f54b8451a7a1", "http://openzaak/catalogi/api/v1/informatieobjecttypen/c2f60725-baa5-4a4d-9718-b480a36f357a", "http://openzaak/catalogi/api/v1/informatieobjecttypen/7b93a08a-b913-4346-8a9c-cc36d984f664", "http://openzaak/catalogi/api/v1/informatieobjecttypen/32a4d362-920b-4301-9b2d-8ca8a4dde6ca", "http://openzaak/catalogi/api/v1/informatieobjecttypen/8eab91d9-7495-4988-ad5c-e9d1c2e1247e", "http://openzaak/catalogi/api/v1/informatieobjecttypen/ba01cd80-d3d2-469d-ac06-7751b9ee0171", "http://openzaak/catalogi/api/v1/informatieobjecttypen/d21ac01b-4013-4c33-b038-038ec341dd93", "http://openzaak/catalogi/api/v1/informatieobjecttypen/af802449-eff0-4235-9d99-8b55af939e5a", "http://openzaak/catalogi/api/v1/informatieobjecttypen/1584cb16-3c5e-4d3e-b2b3-165dea3758ea", "http://openzaak/catalogi/api/v1/informatieobjecttypen/277cb105-d5a1-4878-8f65-dd9d788f95a1", "http://openzaak/catalogi/api/v1/informatieobjecttypen/46c497ca-35a0-429a-8ad3-b77734f864e2", "http://openzaak/catalogi/api/v1/informatieobjecttypen/5e06707f-3acd-4309-82bf-516a7fc074af", "http://openzaak/catalogi/api/v1/informatieobjecttypen/85e950f7-c700-4e67-8ef8-68b655b564e8", "http://openzaak/catalogi/api/v1/informatieobjecttypen/30cde048-f972-4475-85c9-f06f481bcb6d", "http://openzaak/catalogi/api/v1/informatieobjecttypen/f2d397ef-0107-4179-a6c7-2bc3dc09fff2", "http://openzaak/catalogi/api/v1/informatieobjecttypen/1e70e278-2fdb-46a1-9965-11e6deaedff2", "http://openzaak/catalogi/api/v1/informatieobjecttypen/7dc2b5fc-2364-4113-8411-b21241594f5f", "http://openzaak/catalogi/api/v1/informatieobjecttypen/cac879a0-9b00-4908-932a-439abd929099", "http://openzaak/catalogi/api/v1/informatieobjecttypen/859e3173-f262-464f-b2c4-be3e3f33b2d3", "http://openzaak/catalogi/api/v1/informatieobjecttypen/fc4f99d2-4f79-4819-8604-7813f2a3f700", "http://openzaak/catalogi/api/v1/informatieobjecttypen/d2aa9fb4-5424-47e5-9c41-5930fa407ce7", "http://openzaak/catalogi/api/v1/informatieobjecttypen/30ed7950-f25a-413b-8746-67129979f65d", "http://openzaak/catalogi/api/v1/informatieobjecttypen/983747ec-9036-4ad6-a3bd-22f17c1ce2e5", "http://openzaak/catalogi/api/v1/informatieobjecttypen/d52633d7-0ccb-4a42-88a8-a88edd575e12", "http://openzaak/catalogi/api/v1/informatieobjecttypen/de2a8935-6948-4514-90cd-98f9a0a7bf13", "http://openzaak/catalogi/api/v1/informatieobjecttypen/5f305beb-8a98-4014-be15-1d9ce6283a9e", "http://openzaak/catalogi/api/v1/informatieobjecttypen/6f53d343-4a63-43fd-9bdb-27a2ad384294", "http://openzaak/catalogi/api/v1/informatieobjecttypen/7cd5c73c-d8d8-4d33-bcd0-b21bd085c580", "http://openzaak/catalogi/api/v1/informatieobjecttypen/413b5495-8da4-4bef-bfec-72e3652e3c90", "http://openzaak/catalogi/api/v1/informatieobjecttypen/e0d98791-bf97-4ce8-9d3c-3fac6ad324e7", "http://openzaak/catalogi/api/v1/informatieobjecttypen/cb16b1e8-3839-4516-9b40-3711580d5508", "http://openzaak/catalogi/api/v1/informatieobjecttypen/1bdcf7d6-870a-41b1-8bad-f5cdda1bedd8", "http://openzaak/catalogi/api/v1/informatieobjecttypen/09f9317a-9452-41d7-92e7-f3d5dcc462af", "http://openzaak/catalogi/api/v1/informatieobjecttypen/4ae66369-ade2-4b5b-8ddd-850cfd1bbb9f", "http://openzaak/catalogi/api/v1/informatieobjecttypen/bb80361d-7419-48e7-97a6-6165c33be307", "http://openzaak/catalogi/api/v1/informatieobjecttypen/073661f6-f324-4fec-a15b-5535d330a554", "http://openzaak/catalogi/api/v1/informatieobjecttypen/1c4aaa94-92b4-4df2-b43d-f11fb35df6fe", "http://openzaak/catalogi/api/v1/informatieobjecttypen/e826d0f4-56ef-404a-9b96-d785deb6fb0b", "http://openzaak/catalogi/api/v1/informatieobjecttypen/58ee2951-f247-41cf-a495-758c37f4b9ae", "http://openzaak/catalogi/api/v1/informatieobjecttypen/3819370c-34de-4d43-ab91-0c79adcd6037", "http://openzaak/catalogi/api/v1/informatieobjecttypen/f3845efa-9046-4659-a8b5-da7e68637d96", "http://openzaak/catalogi/api/v1/informatieobjecttypen/56405b5d-c6d2-4160-a10b-2c40b74a4743", "http://openzaak/catalogi/api/v1/informatieobjecttypen/58436c5b-af25-48f3-bed3-8b3f713b37db", "http://openzaak/catalogi/api/v1/informatieobjecttypen/fce387e6-6305-490c-ae58-4bc5990e7326", "http://openzaak/catalogi/api/v1/informatieobjecttypen/7a7dcba5-dc1f-4357-89d2-2b3c9b08809e", "http://openzaak/catalogi/api/v1/informatieobjecttypen/bfd98937-d671-4de4-bc6a-5124ec901f99", "http://openzaak/catalogi/api/v1/informatieobjecttypen/a9aa4fa1-cfbe-4821-8cdf-1f85495aa447", "http://openzaak/catalogi/api/v1/informatieobjecttypen/6b19314d-788c-4591-a529-1a7450bf473e", "http://openzaak/catalogi/api/v1/informatieobjecttypen/4df04e21-097f-4278-b768-b46801e209a2", "http://openzaak/catalogi/api/v1/informatieobjecttypen/2e3378a6-0cdc-4945-9bf7-2700ad417926", "http://openzaak/catalogi/api/v1/informatieobjecttypen/6987a35e-3df2-4e4d-89ec-e1211a7b6418", "http://openzaak/catalogi/api/v1/informatieobjecttypen/040b8e98-9fdb-4af7-97b5-26260ed6f231", "http://openzaak/catalogi/api/v1/informatieobjecttypen/b124af4e-0de8-48cb-ab11-87d1124e7323", "http://openzaak/catalogi/api/v1/informatieobjecttypen/d2caad05-7f73-489f-922b-8bbec970abcb", "http://openzaak/catalogi/api/v1/informatieobjecttypen/f665e84d-f564-491c-b088-aee4b3170e6d", "http://openzaak/catalogi/api/v1/informatieobjecttypen/0137de01-edc6-4a5e-ba1f-59b257ba716e", "http://openzaak/catalogi/api/v1/informatieobjecttypen/dd36af0a-c9f7-458e-82a1-3ed41af322e2", "http://openzaak/catalogi/api/v1/informatieobjecttypen/0bd4449f-4bd6-47a9-8921-5aea5569c2f6", "http://openzaak/catalogi/api/v1/informatieobjecttypen/b3663bca-dc42-464a-8b6d-6ec4842db7a8", "http://openzaak/catalogi/api/v1/informatieobjecttypen/80e258b7-4711-45e4-a1b0-d8afab0d7e93", "http://openzaak/catalogi/api/v1/informatieobjecttypen/95cb892f-873e-43a5-83a6-52bbdc57cb80", "http://openzaak/catalogi/api/v1/informatieobjecttypen/e33cf097-7596-4e3d-baeb-aeb2b1e78a20", "http://openzaak/catalogi/api/v1/informatieobjecttypen/80b7bd3a-4895-4dae-8c34-081217f84f7c", "http://openzaak/catalogi/api/v1/informatieobjecttypen/beafd349-1872-4168-8ce6-3cbb1a9f9e03", "http://openzaak/catalogi/api/v1/informatieobjecttypen/f855dc8f-c38c-4119-b256-2d44f96afc1b", "http://openzaak/catalogi/api/v1/informatieobjecttypen/08c44026-f20b-452e-9e1c-e5c392b77a79", "http://openzaak/catalogi/api/v1/informatieobjecttypen/fa18828d-8f58-416f-a77c-41eeb18c6611", "http://openzaak/catalogi/api/v1/informatieobjecttypen/f79feb9d-6814-4847-a165-6369258cd503", "http://openzaak/catalogi/api/v1/informatieobjecttypen/3bea5267-5573-4463-bee4-4764da6f2699", "http://openzaak/catalogi/api/v1/informatieobjecttypen/3367d284-c574-4f3b-a071-6740ce6ae150", "http://openzaak/catalogi/api/v1/informatieobjecttypen/97bbf0d8-4551-4d6e-9a20-01eb648b78d6", "http://openzaak/catalogi/api/v1/informatieobjecttypen/43c419aa-7d23-462b-b3bf-c35fa307ed86", "http://openzaak/catalogi/api/v1/informatieobjecttypen/90a13e50-759e-47db-a340-d1189489c9db", "http://openzaak/catalogi/api/v1/informatieobjecttypen/69aef65d-0a62-4ef0-aaf0-b7bf8dd55dc7", "http://openzaak/catalogi/api/v1/informatieobjecttypen/daff2dcd-551c-40e4-bc4b-8f40f243ce5f", "http://openzaak/catalogi/api/v1/informatieobjecttypen/5562992f-ccf8-49ab-9821-219c63e2d455", "http://openzaak/catalogi/api/v1/informatieobjecttypen/099ebd15-ad3b-4869-8f96-8d6a01becc00", "http://openzaak/catalogi/api/v1/informatieobjecttypen/b8d7f957-783a-4c6b-b4e5-36aedf7d0172", "http://openzaak/catalogi/api/v1/informatieobjecttypen/80bf217a-946f-4ce6-bba5-bf0276b919e4", "http://openzaak/catalogi/api/v1/informatieobjecttypen/41b9d7a1-15ed-411b-960e-fabeb0c07280", "http://openzaak/catalogi/api/v1/informatieobjecttypen/28db373c-4f00-48e8-a779-77ae058537f2", "http://openzaak/catalogi/api/v1/informatieobjecttypen/f8c69117-3fdc-4489-8304-9d70595a1911", "http://openzaak/catalogi/api/v1/informatieobjecttypen/c7f9db5d-2445-41bb-a29a-9ea66d524a3c", "http://openzaak/catalogi/api/v1/informatieobjecttypen/55ea47a7-8f9f-43b8-be3f-7b26c292eefa", "http://openzaak/catalogi/api/v1/informatieobjecttypen/7494a657-cdf0-495f-b012-6ea4d2c9441d", "http://openzaak/catalogi/api/v1/informatieobjecttypen/faca6a54-1fcf-4a6b-88ca-8bf8dec78a73", "http://openzaak/catalogi/api/v1/informatieobjecttypen/56076117-9895-406d-9b9f-2386e5d902a4", "http://openzaak/catalogi/api/v1/informatieobjecttypen/887e7dc4-d0e0-475e-b05c-ce2d2c696035", "http://openzaak/catalogi/api/v1/informatieobjecttypen/552f4a11-c772-4dfc-adc9-1faf0e180114", "http://openzaak/catalogi/api/v1/informatieobjecttypen/4caf567f-6bb9-4ae4-9db5-855d62df68c4", "http://openzaak/catalogi/api/v1/informatieobjecttypen/0c08f44e-d624-4cf5-8488-17f885aa8164", "http://openzaak/catalogi/api/v1/informatieobjecttypen/81eccf68-bce4-4a28-8cdb-ce5a01b6412e", "http://openzaak/catalogi/api/v1/informatieobjecttypen/f5fb1e52-48ed-460d-848a-4dde9686d62e"]}]