[{"url": "http://openzaak/catalogi/api/v1/informatieobjecttypen/002af994-6862-4c97-92d3-f895a2c1a72c", "catalogus": "http://openzaak/catalogi/api/v1/catalogussen/4cd1e38f-8deb-443e-867c-3030a029da31", "omschrijving": "Aanvraag vergunning - Constructiegegevens", "vertrouwelijkheidaanduiding": "vertrouwelijk", "begin_geldigheid": "2021-03-23", "einde_geldigheid": null, "concept": false}, {"url": "http://openzaak/catalogi/api/v1/informatieobjecttypen/6d18b830-a02f-4a60-8202-0126b348412f", "catalogus": "http://openzaak/catalogi/api/v1/catalogussen/4cd1e38f-8deb-443e-867c-3030a029da31", "omschrijving": "Melding incompleet", "vertrouwelijkheidaanduiding": "vertrouwelijk", "begin_geldigheid": "2021-03-30", "einde_geldigheid": null, "concept": false}, {"url": "http://openzaak/catalogi/api/v1/informatieobjecttypen/93884219-9245-4240-91cf-dd5ee07c42e6", "catalogus": "http://openzaak/catalogi/api/v1/catalogussen/4cd1e38f-8deb-443e-867c-3030a029da31", "omschrijving": "Ontvangstbevestiging", "vertrouwelijkheidaanduiding": "vertrouwelijk", "begin_geldigheid": "2021-03-19", "einde_geldigheid": null, "concept": false}, {"url": "http://openzaak/catalogi/api/v1/informatieobjecttypen/55e01b04-e961-404d-a5ca-6669b942edd9", "catalogus": "http://openzaak/catalogi/api/v1/catalogussen/4cd1e38f-8deb-443e-867c-3030a029da31", "omschrijving": "AVR: Correspondentie bij bezwaar op vergunning", "vertrouwelijkheidaanduiding": "vertrouwelijk", "begin_geldigheid": "2021-04-02", "einde_geldigheid": null, "concept": false}, {"url": "http://openzaak/catalogi/api/v1/informatieobjecttypen/ede7d6c0-b12e-480a-b85f-dea4a1da38b2", "catalogus": "http://openzaak/catalogi/api/v1/catalogussen/4cd1e38f-8deb-443e-867c-3030a029da31", "omschrijving": "Testverslag", "vertrouwelijkheidaanduiding": "vertrouwelijk", "begin_geldigheid": "2021-04-01", "einde_geldigheid": null, "concept": false}, {"url": "http://openzaak/catalogi/api/v1/informatieobjecttypen/f24f99ab-a67b-42be-85a2-c0cff9df204f", "catalogus": "http://openzaak/catalogi/api/v1/catalogussen/4cd1e38f-8deb-443e-867c-3030a029da31", "omschrijving": "Aanvraag vergunning - Overige", "vertrouwelijkheidaanduiding": "vertrouwelijk", "begin_geldigheid": "2021-04-22", "einde_geldigheid": null, "concept": false}, {"url": "http://openzaak/catalogi/api/v1/informatieobjecttypen/b64dfe35-5aac-4eb3-a15d-8d453f7794dd", "catalogus": "http://openzaak/catalogi/api/v1/catalogussen/4cd1e38f-8deb-443e-867c-3030a029da31", "omschrijving": "Overig stuk uitgaand", "vertrouwelijkheidaanduiding": "vertrouwelijk", "begin_geldigheid": "2021-04-01", "einde_geldigheid": null, "concept": false}, {"url": "http://openzaak/catalogi/api/v1/informatieobjecttypen/762101ac-caa0-4042-80f0-0c069115a661", "catalogus": "http://openzaak/catalogi/api/v1/catalogussen/4cd1e38f-8deb-443e-867c-3030a029da31", "omschrijving": "AVR: Ontvangstbevestiging", "vertrouwelijkheidaanduiding": "vertrouwelijk", "begin_geldigheid": "2021-04-01", "einde_geldigheid": null, "concept": false}, {"url": "http://openzaak/catalogi/api/v1/informatieobjecttypen/bd84c34d-86da-499c-a393-a02485c8b0b4", "catalogus": "http://openzaak/catalogi/api/v1/catalogussen/4cd1e38f-8deb-443e-867c-3030a029da31", "omschrijving": "Overig stuk intern", "vertrouwelijkheidaanduiding": "vertrouwelijk", "begin_geldigheid": "2021-04-01", "einde_geldigheid": null, "concept": false}, {"url": "http://openzaak/catalogi/api/v1/informatieobjecttypen/fc530eb8-7633-40fc-8d9d-46e46ad4cf71", "catalogus": "http://openzaak/catalogi/api/v1/catalogussen/4cd1e38f-8deb-443e-867c-3030a029da31", "omschrijving": "Publicatie melding", "vertrouwelijkheidaanduiding": "vertrouwelijk", "begin_geldigheid": "2021-03-29", "einde_geldigheid": null, "concept": false}, {"url": "http://openzaak/catalogi/api/v1/informatieobjecttypen/e7b7559e-acd7-4de6-918e-8f42e49d70de", "catalogus": "http://openzaak/catalogi/api/v1/catalogussen/4cd1e38f-8deb-443e-867c-3030a029da31", "omschrijving": "Overig stuk inkomend", "vertrouwelijkheidaanduiding": "vertrouwelijk", "begin_geldigheid": "2021-04-01", "einde_geldigheid": null, "concept": false}, {"url": "http://openzaak/catalogi/api/v1/informatieobjecttypen/319832ed-4156-4bfd-9ea5-7bf2b0e39d73", "catalogus": "http://openzaak/catalogi/api/v1/catalogussen/4cd1e38f-8deb-443e-867c-3030a029da31", "omschrijving": "Aanvullende gegevens  - Overzicht afzettingen", "vertrouwelijkheidaanduiding": "vertrouwelijk", "begin_geldigheid": "2021-03-23", "einde_geldigheid": null, "concept": false}, {"url": "http://openzaak/catalogi/api/v1/informatieobjecttypen/d957cc41-8dcd-41ac-81b3-ae33fed5e03a", "catalogus": "http://openzaak/catalogi/api/v1/catalogussen/4cd1e38f-8deb-443e-867c-3030a029da31", "omschrijving": "Test IOT-1617786728", "vertrouwelijkheidaanduiding": "openbaar", "begin_geldigheid": "2020-12-01", "einde_geldigheid": null, "concept": false}, {"url": "http://openzaak/catalogi/api/v1/informatieobjecttypen/dc55f8c3-8ad6-43b0-8080-39eb20f2f41b", "catalogus": "http://openzaak/catalogi/api/v1/catalogussen/4cd1e38f-8deb-443e-867c-3030a029da31", "omschrijving": "Tekening", "vertrouwelijkheidaanduiding": "vertrouwelijk", "begin_geldigheid": "2021-03-19", "einde_geldigheid": null, "concept": false}, {"url": "http://openzaak/catalogi/api/v1/informatieobjecttypen/cceea192-ad57-4c8e-b9db-bfe42dfb7ac1", "catalogus": "http://openzaak/catalogi/api/v1/catalogussen/4cd1e38f-8deb-443e-867c-3030a029da31", "omschrijving": "Aanvraag vergunning - Overzicht afzettingen", "vertrouwelijkheidaanduiding": "vertrouwelijk", "begin_geldigheid": "2021-03-23", "einde_geldigheid": null, "concept": false}, {"url": "http://openzaak/catalogi/api/v1/informatieobjecttypen/4c4f14b6-098c-41ee-97be-307da2e797ff", "catalogus": "http://openzaak/catalogi/api/v1/catalogussen/4cd1e38f-8deb-443e-867c-3030a029da31", "omschrijving": "Verzoek aanvullende gegevens", "vertrouwelijkheidaanduiding": "vertrouwelijk", "begin_geldigheid": "2021-03-23", "einde_geldigheid": null, "concept": false}, {"url": "http://openzaak/catalogi/api/v1/informatieobjecttypen/96a4e813-4525-4fd5-914f-b912459648c8", "catalogus": "http://openzaak/catalogi/api/v1/catalogussen/4cd1e38f-8deb-443e-867c-3030a029da31", "omschrijving": "AVR: Vergunning", "vertrouwelijkheidaanduiding": "vertrouwelijk", "begin_geldigheid": "2021-04-01", "einde_geldigheid": null, "concept": false}, {"url": "http://openzaak/catalogi/api/v1/informatieobjecttypen/03b3904f-9d84-4d3c-8c9f-da67d9a9a2cc", "catalogus": "http://openzaak/catalogi/api/v1/catalogussen/4cd1e38f-8deb-443e-867c-3030a029da31", "omschrijving": "Verzoek om informatie", "vertrouwelijkheidaanduiding": "vertrouwelijk", "begin_geldigheid": "2021-03-26", "einde_geldigheid": null, "concept": false}, {"url": "http://openzaak/catalogi/api/v1/informatieobjecttypen/5c0bafab-0c9f-43d9-8393-abead876014e", "catalogus": "http://openzaak/catalogi/api/v1/catalogussen/4cd1e38f-8deb-443e-867c-3030a029da31", "omschrijving": "Mail", "vertrouwelijkheidaanduiding": "vertrouwelijk", "begin_geldigheid": "2021-09-14", "einde_geldigheid": null, "concept": false}, {"url": "http://openzaak/catalogi/api/v1/informatieobjecttypen/d93371e2-5f44-4ffb-871d-f54b8451a7a1", "catalogus": "http://openzaak/catalogi/api/v1/catalogussen/4cd1e38f-8deb-443e-867c-3030a029da31", "omschrijving": "Aanvraag vergunning - Overzicht optredens", "vertrouwelijkheidaanduiding": "vertrouwelijk", "begin_geldigheid": "2021-03-23", "einde_geldigheid": null, "concept": false}, {"url": "http://openzaak/catalogi/api/v1/informatieobjecttypen/c2f60725-baa5-4a4d-9718-b480a36f357a", "catalogus": "http://openzaak/catalogi/api/v1/catalogussen/4cd1e38f-8deb-443e-867c-3030a029da31", "omschrijving": "Aanvraag ontheffing", "vertrouwelijkheidaanduiding": "vertrouwelijk", "begin_geldigheid": "2021-03-25", "einde_geldigheid": null, "concept": false}, {"url": "http://openzaak/catalogi/api/v1/informatieobjecttypen/7b93a08a-b913-4346-8a9c-cc36d984f664", "catalogus": "http://openzaak/catalogi/api/v1/catalogussen/4cd1e38f-8deb-443e-867c-3030a029da31", "omschrijving": "Aanvraag vergunning", "vertrouwelijkheidaanduiding": "vertrouwelijk", "begin_geldigheid": "2021-03-23", "einde_geldigheid": null, "concept": false}, {"url": "http://openzaak/catalogi/api/v1/informatieobjecttypen/32a4d362-920b-4301-9b2d-8ca8a4dde6ca", "catalogus": "http://openzaak/catalogi/api/v1/catalogussen/4cd1e38f-8deb-443e-867c-3030a029da31", "omschrijving": "Aanvraag vergunning - Overzicht standhouders", "vertrouwelijkheidaanduiding": "vertrouwelijk", "begin_geldigheid": "2021-03-23", "einde_geldigheid": null, "concept": false}, {"url": "http://openzaak/catalogi/api/v1/informatieobjecttypen/8eab91d9-7495-4988-ad5c-e9d1c2e1247e", "catalogus": "http://openzaak/catalogi/api/v1/catalogussen/4cd1e38f-8deb-443e-867c-3030a029da31", "omschrijving": "Aanvullende gegevens  - Overzicht standhouders", "vertrouwelijkheidaanduiding": "vertrouwelijk", "begin_geldigheid": "2021-03-23", "einde_geldigheid": null, "concept": false}, {"url": "http://openzaak/catalogi/api/v1/informatieobjecttypen/ba01cd80-d3d2-469d-ac06-7751b9ee0171", "catalogus": "http://openzaak/catalogi/api/v1/catalogussen/4cd1e38f-8deb-443e-867c-3030a029da31", "omschrijving": "Aanvraag vergunning - Situatietekening", "vertrouwelijkheidaanduiding": "vertrouwelijk", "begin_geldigheid": "2021-03-23", "einde_geldigheid": null, "concept": false}, {"url": "http://openzaak/catalogi/api/v1/informatieobjecttypen/d21ac01b-4013-4c33-b038-038ec341dd93", "catalogus": "http://openzaak/catalogi/api/v1/catalogussen/4cd1e38f-8deb-443e-867c-3030a029da31", "omschrijving": "Brief afwijzing", "vertrouwelijkheidaanduiding": "vertrouwelijk", "begin_geldigheid": "2021-03-23", "einde_geldigheid": null, "concept": false}, {"url": "http://openzaak/catalogi/api/v1/informatieobjecttypen/af802449-eff0-4235-9d99-8b55af939e5a", "catalogus": "http://openzaak/catalogi/api/v1/catalogussen/4cd1e38f-8deb-443e-867c-3030a029da31", "omschrijving": "Aanvraag vergunning - Veiligheidsplan", "vertrouwelijkheidaanduiding": "vertrouwelijk", "begin_geldigheid": "2021-03-23", "einde_geldigheid": null, "concept": false}, {"url": "http://openzaak/catalogi/api/v1/informatieobjecttypen/1584cb16-3c5e-4d3e-b2b3-165dea3758ea", "catalogus": "http://openzaak/catalogi/api/v1/catalogussen/4cd1e38f-8deb-443e-867c-3030a029da31", "omschrijving": "AVR: Weigering", "vertrouwelijkheidaanduiding": "vertrouwelijk", "begin_geldigheid": "2021-04-02", "einde_geldigheid": null, "concept": false}, {"url": "http://openzaak/catalogi/api/v1/informatieobjecttypen/277cb105-d5a1-4878-8f65-dd9d788f95a1", "catalogus": "http://openzaak/catalogi/api/v1/catalogussen/4cd1e38f-8deb-443e-867c-3030a029da31", "omschrijving": "Aanvraag", "vertrouwelijkheidaanduiding": "vertrouwelijk", "begin_geldigheid": "2021-04-01", "einde_geldigheid": null, "concept": false}, {"url": "http://openzaak/catalogi/api/v1/informatieobjecttypen/46c497ca-35a0-429a-8ad3-b77734f864e2", "catalogus": "http://openzaak/catalogi/api/v1/catalogussen/4cd1e38f-8deb-443e-867c-3030a029da31", "omschrijving": "Aanvullende gegevens", "vertrouwelijkheidaanduiding": "vertrouwelijk", "begin_geldigheid": "2021-03-29", "einde_geldigheid": null, "concept": false}, {"url": "http://openzaak/catalogi/api/v1/informatieobjecttypen/5e06707f-3acd-4309-82bf-516a7fc074af", "catalogus": "http://openzaak/catalogi/api/v1/catalogussen/4cd1e38f-8deb-443e-867c-3030a029da31", "omschrijving": "Beschikking", "vertrouwelijkheidaanduiding": "vertrouwelijk", "begin_geldigheid": "2021-04-01", "einde_geldigheid": null, "concept": false}, {"url": "http://openzaak/catalogi/api/v1/informatieobjecttypen/85e950f7-c700-4e67-8ef8-68b655b564e8", "catalogus": "http://openzaak/catalogi/api/v1/catalogussen/4cd1e38f-8deb-443e-867c-3030a029da31", "omschrijving": "Acceptatie melding", "vertrouwelijkheidaanduiding": "vertrouwelijk", "begin_geldigheid": "2021-03-29", "einde_geldigheid": null, "concept": false}, {"url": "http://openzaak/catalogi/api/v1/informatieobjecttypen/30cde048-f972-4475-85c9-f06f481bcb6d", "catalogus": "http://openzaak/catalogi/api/v1/catalogussen/4cd1e38f-8deb-443e-867c-3030a029da31", "omschrijving": "Aanvullende gegevens - Constructiegegevens", "vertrouwelijkheidaanduiding": "vertrouwelijk", "begin_geldigheid": "2021-03-23", "einde_geldigheid": null, "concept": false}, {"url": "http://openzaak/catalogi/api/v1/informatieobjecttypen/f2d397ef-0107-4179-a6c7-2bc3dc09fff2", "catalogus": "http://openzaak/catalogi/api/v1/catalogussen/4cd1e38f-8deb-443e-867c-3030a029da31", "omschrijving": "Advies", "vertrouwelijkheidaanduiding": "vertrouwelijk", "begin_geldigheid": "2021-04-01", "einde_geldigheid": null, "concept": false}, {"url": "http://openzaak/catalogi/api/v1/informatieobjecttypen/1e70e278-2fdb-46a1-9965-11e6deaedff2", "catalogus": "http://openzaak/catalogi/api/v1/catalogussen/4cd1e38f-8deb-443e-867c-3030a029da31", "omschrijving": "Bijlage bij aanvraag", "vertrouwelijkheidaanduiding": "vertrouwelijk", "begin_geldigheid": "2021-04-01", "einde_geldigheid": null, "concept": false}, {"url": "http://openzaak/catalogi/api/v1/informatieobjecttypen/7dc2b5fc-2364-4113-8411-b21241594f5f", "catalogus": "http://openzaak/catalogi/api/v1/catalogussen/4cd1e38f-8deb-443e-867c-3030a029da31", "omschrijving": "AVR: Aanvraag", "vertrouwelijkheidaanduiding": "vertrouwelijk", "begin_geldigheid": "2021-04-01", "einde_geldigheid": null, "concept": false}, {"url": "http://openzaak/catalogi/api/v1/informatieobjecttypen/cac879a0-9b00-4908-932a-439abd929099", "catalogus": "http://openzaak/catalogi/api/v1/catalogussen/4cd1e38f-8deb-443e-867c-3030a029da31", "omschrijving": "Aanvullende gegevens  - Situatietekening", "vertrouwelijkheidaanduiding": "vertrouwelijk", "begin_geldigheid": "2021-03-23", "einde_geldigheid": null, "concept": false}, {"url": "http://openzaak/catalogi/api/v1/informatieobjecttypen/859e3173-f262-464f-b2c4-be3e3f33b2d3", "catalogus": "http://openzaak/catalogi/api/v1/catalogussen/4cd1e38f-8deb-443e-867c-3030a029da31", "omschrijving": "AVR: Bijlage bij aanvraag", "vertrouwelijkheidaanduiding": "vertrouwelijk", "begin_geldigheid": "2021-04-01", "einde_geldigheid": null, "concept": false}, {"url": "http://openzaak/catalogi/api/v1/informatieobjecttypen/fc4f99d2-4f79-4819-8604-7813f2a3f700", "catalogus": "http://openzaak/catalogi/api/v1/catalogussen/4cd1e38f-8deb-443e-867c-3030a029da31", "omschrijving": "Brief bevestiging brandveiligheid", "vertrouwelijkheidaanduiding": "vertrouwelijk", "begin_geldigheid": "2021-03-29", "einde_geldigheid": null, "concept": false}, {"url": "http://openzaak/catalogi/api/v1/informatieobjecttypen/d2aa9fb4-5424-47e5-9c41-5930fa407ce7", "catalogus": "http://openzaak/catalogi/api/v1/catalogussen/4cd1e38f-8deb-443e-867c-3030a029da31", "omschrijving": "AVR: Correspondentie bij aanvraag", "vertrouwelijkheidaanduiding": "vertrouwelijk", "begin_geldigheid": "2021-04-01", "einde_geldigheid": null, "concept": false}, {"url": "http://openzaak/catalogi/api/v1/informatieobjecttypen/30ed7950-f25a-413b-8746-67129979f65d", "catalogus": "http://openzaak/catalogi/api/v1/catalogussen/4cd1e38f-8deb-443e-867c-3030a029da31", "omschrijving": "Geen toestemming", "vertrouwelijkheidaanduiding": "vertrouwelijk", "begin_geldigheid": "2021-03-30", "einde_geldigheid": null, "concept": false}, {"url": "http://openzaak/catalogi/api/v1/informatieobjecttypen/983747ec-9036-4ad6-a3bd-22f17c1ce2e5", "catalogus": "http://openzaak/catalogi/api/v1/catalogussen/4cd1e38f-8deb-443e-867c-3030a029da31", "omschrijving": "Aanvullende gegevens  - Veiligheidsplan", "vertrouwelijkheidaanduiding": "vertrouwelijk", "begin_geldigheid": "2021-03-23", "einde_geldigheid": null, "concept": false}, {"url": "http://openzaak/catalogi/api/v1/informatieobjecttypen/d52633d7-0ccb-4a42-88a8-a88edd575e12", "catalogus": "http://openzaak/catalogi/api/v1/catalogussen/4cd1e38f-8deb-443e-867c-3030a029da31", "omschrijving": "Brief niet meldingsplichtig", "vertrouwelijkheidaanduiding": "vertrouwelijk", "begin_geldigheid": "2021-03-29", "einde_geldigheid": null, "concept": false}, {"url": "http://openzaak/catalogi/api/v1/informatieobjecttypen/de2a8935-6948-4514-90cd-98f9a0a7bf13", "catalogus": "http://openzaak/catalogi/api/v1/catalogussen/4cd1e38f-8deb-443e-867c-3030a029da31", "omschrijving": "Buiten behandeling stelling", "vertrouwelijkheidaanduiding": "vertrouwelijk", "begin_geldigheid": "2021-03-23", "einde_geldigheid": null, "concept": false}, {"url": "http://openzaak/catalogi/api/v1/informatieobjecttypen/5f305beb-8a98-4014-be15-1d9ce6283a9e", "catalogus": "http://openzaak/catalogi/api/v1/catalogussen/4cd1e38f-8deb-443e-867c-3030a029da31", "omschrijving": "AVR: Foto bij aanvraag", "vertrouwelijkheidaanduiding": "vertrouwelijk", "begin_geldigheid": "2021-04-01", "einde_geldigheid": null, "concept": false}, {"url": "http://openzaak/catalogi/api/v1/informatieobjecttypen/6f53d343-4a63-43fd-9bdb-27a2ad384294", "catalogus": "http://openzaak/catalogi/api/v1/catalogussen/4cd1e38f-8deb-443e-867c-3030a029da31", "omschrijving": "Geen melding", "vertrouwelijkheidaanduiding": "vertrouwelijk", "begin_geldigheid": "2021-03-29", "einde_geldigheid": null, "concept": false}, {"url": "http://openzaak/catalogi/api/v1/informatieobjecttypen/7cd5c73c-d8d8-4d33-bcd0-b21bd085c580", "catalogus": "http://openzaak/catalogi/api/v1/catalogussen/4cd1e38f-8deb-443e-867c-3030a029da31", "omschrijving": "Gevraagde gegevens", "vertrouwelijkheidaanduiding": "vertrouwelijk", "begin_geldigheid": "2021-03-26", "einde_geldigheid": null, "concept": false}, {"url": "http://openzaak/catalogi/api/v1/informatieobjecttypen/413b5495-8da4-4bef-bfec-72e3652e3c90", "catalogus": "http://openzaak/catalogi/api/v1/catalogussen/4cd1e38f-8deb-443e-867c-3030a029da31", "omschrijving": "AVR: Foto bij vergunning", "vertrouwelijkheidaanduiding": "vertrouwelijk", "begin_geldigheid": "2021-04-02", "einde_geldigheid": null, "concept": false}, {"url": "http://openzaak/catalogi/api/v1/informatieobjecttypen/e0d98791-bf97-4ce8-9d3c-3fac6ad324e7", "catalogus": "http://openzaak/catalogi/api/v1/catalogussen/4cd1e38f-8deb-443e-867c-3030a029da31", "omschrijving": "Melding", "vertrouwelijkheidaanduiding": "vertrouwelijk", "begin_geldigheid": "2021-03-29", "einde_geldigheid": null, "concept": false}, {"url": "http://openzaak/catalogi/api/v1/informatieobjecttypen/cb16b1e8-3839-4516-9b40-3711580d5508", "catalogus": "http://openzaak/catalogi/api/v1/catalogussen/4cd1e38f-8deb-443e-867c-3030a029da31", "omschrijving": "Ontheffing", "vertrouwelijkheidaanduiding": "vertrouwelijk", "begin_geldigheid": "2021-03-25", "einde_geldigheid": null, "concept": false}, {"url": "http://openzaak/catalogi/api/v1/informatieobjecttypen/1bdcf7d6-870a-41b1-8bad-f5cdda1bedd8", "catalogus": "http://openzaak/catalogi/api/v1/catalogussen/4cd1e38f-8deb-443e-867c-3030a029da31", "omschrijving": "Melding brandveilig", "vertrouwelijkheidaanduiding": "vertrouwelijk", "begin_geldigheid": "2021-03-29", "einde_geldigheid": null, "concept": false}, {"url": "http://openzaak/catalogi/api/v1/informatieobjecttypen/09f9317a-9452-41d7-92e7-f3d5dcc462af", "catalogus": "http://openzaak/catalogi/api/v1/catalogussen/4cd1e38f-8deb-443e-867c-3030a029da31", "omschrijving": "Risicoscan", "vertrouwelijkheidaanduiding": "vertrouwelijk", "begin_geldigheid": "2021-03-23", "einde_geldigheid": null, "concept": false}, {"url": "http://openzaak/catalogi/api/v1/informatieobjecttypen/4ae66369-ade2-4b5b-8ddd-850cfd1bbb9f", "catalogus": "http://openzaak/catalogi/api/v1/catalogussen/4cd1e38f-8deb-443e-867c-3030a029da31", "omschrijving": "Toestemming", "vertrouwelijkheidaanduiding": "vertrouwelijk", "begin_geldigheid": "2021-03-30", "einde_geldigheid": null, "concept": false}, {"url": "http://openzaak/catalogi/api/v1/informatieobjecttypen/bb80361d-7419-48e7-97a6-6165c33be307", "catalogus": "http://openzaak/catalogi/api/v1/catalogussen/4cd1e38f-8deb-443e-867c-3030a029da31", "omschrijving": "Van rechtswege", "vertrouwelijkheidaanduiding": "vertrouwelijk", "begin_geldigheid": "2021-03-30", "einde_geldigheid": null, "concept": false}, {"url": "http://openzaak/catalogi/api/v1/informatieobjecttypen/073661f6-f324-4fec-a15b-5535d330a554", "catalogus": "http://openzaak/catalogi/api/v1/catalogussen/4cd1e38f-8deb-443e-867c-3030a029da31", "omschrijving": "Vergunning", "vertrouwelijkheidaanduiding": "vertrouwelijk", "begin_geldigheid": "2021-03-23", "einde_geldigheid": null, "concept": false}, {"url": "http://openzaak/catalogi/api/v1/informatieobjecttypen/1c4aaa94-92b4-4df2-b43d-f11fb35df6fe", "catalogus": "http://openzaak/catalogi/api/v1/catalogussen/4cd1e38f-8deb-443e-867c-3030a029da31", "omschrijving": "Weigering ontheffing", "vertrouwelijkheidaanduiding": "vertrouwelijk", "begin_geldigheid": "2021-03-25", "einde_geldigheid": null, "concept": false}, {"url": "http://openzaak/catalogi/api/v1/informatieobjecttypen/e826d0f4-56ef-404a-9b96-d785deb6fb0b", "catalogus": "http://openzaak/catalogi/api/v1/catalogussen/4cd1e38f-8deb-443e-867c-3030a029da31", "omschrijving": "Notulen Welstandscommissie", "vertrouwelijkheidaanduiding": "vertrouwelijk", "begin_geldigheid": "2021-03-29", "einde_geldigheid": null, "concept": false}, {"url": "http://openzaak/catalogi/api/v1/informatieobjecttypen/58ee2951-f247-41cf-a495-758c37f4b9ae", "catalogus": "http://openzaak/catalogi/api/v1/catalogussen/4cd1e38f-8deb-443e-867c-3030a029da31", "omschrijving": "AVR: Zienswijze", "vertrouwelijkheidaanduiding": "vertrouwelijk", "begin_geldigheid": "2021-04-02", "einde_geldigheid": null, "concept": false}, {"url": "http://openzaak/catalogi/api/v1/informatieobjecttypen/3819370c-34de-4d43-ab91-0c79adcd6037", "catalogus": "http://openzaak/catalogi/api/v1/catalogussen/4cd1e38f-8deb-443e-867c-3030a029da31", "omschrijving": "Aanvraag vergunning - Overzicht optreden", "vertrouwelijkheidaanduiding": "vertrouwelijk", "begin_geldigheid": "2021-05-01", "einde_geldigheid": null, "concept": false}, {"url": "http://openzaak/catalogi/api/v1/informatieobjecttypen/f3845efa-9046-4659-a8b5-da7e68637d96", "catalogus": "http://openzaak/catalogi/api/v1/catalogussen/4cd1e38f-8deb-443e-867c-3030a029da31", "omschrijving": "Brief", "vertrouwelijkheidaanduiding": "vertrouwelijk", "begin_geldigheid": "2021-03-19", "einde_geldigheid": null, "concept": false}, {"url": "http://openzaak/catalogi/api/v1/informatieobjecttypen/56405b5d-c6d2-4160-a10b-2c40b74a4743", "catalogus": "http://openzaak/catalogi/api/v1/catalogussen/4cd1e38f-8deb-443e-867c-3030a029da31", "omschrijving": "Overig", "vertrouwelijkheidaanduiding": "vertrouwelijk", "begin_geldigheid": "2021-03-19", "einde_geldigheid": null, "concept": false}, {"url": "http://openzaak/catalogi/api/v1/informatieobjecttypen/58436c5b-af25-48f3-bed3-8b3f713b37db", "catalogus": "http://openzaak/catalogi/api/v1/catalogussen/4cd1e38f-8deb-443e-867c-3030a029da31", "omschrijving": "Brief bevestiging brandveilig", "vertrouwelijkheidaanduiding": "vertrouwelijk", "begin_geldigheid": "2021-04-02", "einde_geldigheid": null, "concept": false}, {"url": "http://openzaak/catalogi/api/v1/informatieobjecttypen/fce387e6-6305-490c-ae58-4bc5990e7326", "catalogus": "http://openzaak/catalogi/api/v1/catalogussen/4cd1e38f-8deb-443e-867c-3030a029da31", "omschrijving": "Brondocument BAG", "vertrouwelijkheidaanduiding": "vertrouwelijk", "begin_geldigheid": "2021-03-19", "einde_geldigheid": null, "concept": false}, {"url": "http://openzaak/catalogi/api/v1/informatieobjecttypen/7a7dcba5-dc1f-4357-89d2-2b3c9b08809e", "catalogus": "http://openzaak/catalogi/api/v1/catalogussen/4cd1e38f-8deb-443e-867c-3030a029da31", "omschrijving": "E-mail", "vertrouwelijkheidaanduiding": "vertrouwelijk", "begin_geldigheid": "2021-03-19", "einde_geldigheid": null, "concept": false}, {"url": "http://openzaak/catalogi/api/v1/informatieobjecttypen/bfd98937-d671-4de4-bc6a-5124ec901f99", "catalogus": "http://openzaak/catalogi/api/v1/catalogussen/4cd1e38f-8deb-443e-867c-3030a029da31", "omschrijving": "Aanvullende gegevens  - Overzicht optredens", "vertrouwelijkheidaanduiding": "vertrouwelijk", "begin_geldigheid": "2021-03-23", "einde_geldigheid": null, "concept": false}, {"url": "http://openzaak/catalogi/api/v1/informatieobjecttypen/a9aa4fa1-cfbe-4821-8cdf-1f85495aa447", "catalogus": "http://openzaak/catalogi/api/v1/catalogussen/4cd1e38f-8deb-443e-867c-3030a029da31", "omschrijving": "Formulier", "vertrouwelijkheidaanduiding": "vertrouwelijk", "begin_geldigheid": "2021-05-26", "einde_geldigheid": null, "concept": false}, {"url": "http://openzaak/catalogi/api/v1/informatieobjecttypen/6b19314d-788c-4591-a529-1a7450bf473e", "catalogus": "http://openzaak/catalogi/api/v1/catalogussen/4cd1e38f-8deb-443e-867c-3030a029da31", "omschrijving": "Kennisgeving ondersteuning aan wijkagent", "vertrouwelijkheidaanduiding": "vertrouwelijk", "begin_geldigheid": "2021-06-03", "einde_geldigheid": null, "concept": false}, {"url": "http://openzaak/catalogi/api/v1/informatieobjecttypen/4df04e21-097f-4278-b768-b46801e209a2", "catalogus": "http://openzaak/catalogi/api/v1/catalogussen/4cd1e38f-8deb-443e-867c-3030a029da31", "omschrijving": "Kennisgeving ondersteuningsplan", "vertrouwelijkheidaanduiding": "vertrouwelijk", "begin_geldigheid": "2021-06-03", "einde_geldigheid": null, "concept": false}, {"url": "http://openzaak/catalogi/api/v1/informatieobjecttypen/2e3378a6-0cdc-4945-9bf7-2700ad417926", "catalogus": "http://openzaak/catalogi/api/v1/catalogussen/4cd1e38f-8deb-443e-867c-3030a029da31", "omschrijving": "Kennisgeving opschaling", "vertrouwelijkheidaanduiding": "vertrouwelijk", "begin_geldigheid": "2021-06-03", "einde_geldigheid": null, "concept": false}, {"url": "http://openzaak/catalogi/api/v1/informatieobjecttypen/6987a35e-3df2-4e4d-89ec-e1211a7b6418", "catalogus": "http://openzaak/catalogi/api/v1/catalogussen/4cd1e38f-8deb-443e-867c-3030a029da31", "omschrijving": "Verzoek aanvullende gegevens aan VeiligThuis", "vertrouwelijkheidaanduiding": "vertrouwelijk", "begin_geldigheid": "2021-06-03", "einde_geldigheid": null, "concept": false}, {"url": "http://openzaak/catalogi/api/v1/informatieobjecttypen/040b8e98-9fdb-4af7-97b5-26260ed6f231", "catalogus": "http://openzaak/catalogi/api/v1/catalogussen/4cd1e38f-8deb-443e-867c-3030a029da31", "omschrijving": "Aanmelding", "vertrouwelijkheidaanduiding": "vertrouwelijk", "begin_geldigheid": "2021-06-03", "einde_geldigheid": null, "concept": false}, {"url": "http://openzaak/catalogi/api/v1/informatieobjecttypen/b124af4e-0de8-48cb-ab11-87d1124e7323", "catalogus": "http://openzaak/catalogi/api/v1/catalogussen/4cd1e38f-8deb-443e-867c-3030a029da31", "omschrijving": "Licht Instrument Risicotaxatie Kindveiligheid (LIRIK)", "vertrouwelijkheidaanduiding": "vertrouwelijk", "begin_geldigheid": "2021-06-03", "einde_geldigheid": null, "concept": false}, {"url": "http://openzaak/catalogi/api/v1/informatieobjecttypen/d2caad05-7f73-489f-922b-8bbec970abcb", "catalogus": "http://openzaak/catalogi/api/v1/catalogussen/4cd1e38f-8deb-443e-867c-3030a029da31", "omschrijving": "Ondersteuningsplan", "vertrouwelijkheidaanduiding": "vertrouwelijk", "begin_geldigheid": "2021-06-03", "einde_geldigheid": null, "concept": false}, {"url": "http://openzaak/catalogi/api/v1/informatieobjecttypen/f665e84d-f564-491c-b088-aee4b3170e6d", "catalogus": "http://openzaak/catalogi/api/v1/catalogussen/4cd1e38f-8deb-443e-867c-3030a029da31", "omschrijving": "Ondersteuningsplan evaluatie", "vertrouwelijkheidaanduiding": "vertrouwelijk", "begin_geldigheid": "2021-06-03", "einde_geldigheid": null, "concept": false}, {"url": "http://openzaak/catalogi/api/v1/informatieobjecttypen/0137de01-edc6-4a5e-ba1f-59b257ba716e", "catalogus": "http://openzaak/catalogi/api/v1/catalogussen/4cd1e38f-8deb-443e-867c-3030a029da31", "omschrijving": "Overige", "vertrouwelijkheidaanduiding": "vertrouwelijk", "begin_geldigheid": "2021-05-26", "einde_geldigheid": null, "concept": false}, {"url": "http://openzaak/catalogi/api/v1/informatieobjecttypen/dd36af0a-c9f7-458e-82a1-3ed41af322e2", "catalogus": "http://openzaak/catalogi/api/v1/catalogussen/4cd1e38f-8deb-443e-867c-3030a029da31", "omschrijving": "Rapport", "vertrouwelijkheidaanduiding": "vertrouwelijk", "begin_geldigheid": "2021-05-26", "einde_geldigheid": null, "concept": false}, {"url": "http://openzaak/catalogi/api/v1/informatieobjecttypen/0bd4449f-4bd6-47a9-8921-5aea5569c2f6", "catalogus": "http://openzaak/catalogi/api/v1/catalogussen/4cd1e38f-8deb-443e-867c-3030a029da31", "omschrijving": "Verslag overleg met ketenpartners", "vertrouwelijkheidaanduiding": "vertrouwelijk", "begin_geldigheid": "2021-06-03", "einde_geldigheid": null, "concept": false}, {"url": "http://openzaak/catalogi/api/v1/informatieobjecttypen/b3663bca-dc42-464a-8b6d-6ec4842db7a8", "catalogus": "http://openzaak/catalogi/api/v1/catalogussen/4cd1e38f-8deb-443e-867c-3030a029da31", "omschrijving": "Rapportmemo", "vertrouwelijkheidaanduiding": "vertrouwelijk", "begin_geldigheid": "2021-05-26", "einde_geldigheid": null, "concept": false}, {"url": "http://openzaak/catalogi/api/v1/informatieobjecttypen/80e258b7-4711-45e4-a1b0-d8afab0d7e93", "catalogus": "http://openzaak/catalogi/api/v1/catalogussen/4cd1e38f-8deb-443e-867c-3030a029da31", "omschrijving": "Bijlage Diagnostisch onderzoek (CORV)", "vertrouwelijkheidaanduiding": "vertrouwelijk", "begin_geldigheid": "2021-09-14", "einde_geldigheid": null, "concept": false}, {"url": "http://openzaak/catalogi/api/v1/informatieobjecttypen/95cb892f-873e-43a5-83a6-52bbdc57cb80", "catalogus": "http://openzaak/catalogi/api/v1/catalogussen/4cd1e38f-8deb-443e-867c-3030a029da31", "omschrijving": "Bijlage Gezinsgeschiedenis (CORV)", "vertrouwelijkheidaanduiding": "vertrouwelijk", "begin_geldigheid": "2021-09-14", "einde_geldigheid": null, "concept": false}, {"url": "http://openzaak/catalogi/api/v1/informatieobjecttypen/e33cf097-7596-4e3d-baeb-aeb2b1e78a20", "catalogus": "http://openzaak/catalogi/api/v1/catalogussen/4cd1e38f-8deb-443e-867c-3030a029da31", "omschrijving": "Bijlage Hulpverleningsrapportage (CORV)", "vertrouwelijkheidaanduiding": "vertrouwelijk", "begin_geldigheid": "2021-09-14", "einde_geldigheid": null, "concept": false}, {"url": "http://openzaak/catalogi/api/v1/informatieobjecttypen/80b7bd3a-4895-4dae-8c34-081217f84f7c", "catalogus": "http://openzaak/catalogi/api/v1/catalogussen/4cd1e38f-8deb-443e-867c-3030a029da31", "omschrijving": "Toestemmingsformulier informatie delen", "vertrouwelijkheidaanduiding": "vertrouwelijk", "begin_geldigheid": "2021-09-14", "einde_geldigheid": null, "concept": false}, {"url": "http://openzaak/catalogi/api/v1/informatieobjecttypen/beafd349-1872-4168-8ce6-3cbb1a9f9e03", "catalogus": "http://openzaak/catalogi/api/v1/catalogussen/4cd1e38f-8deb-443e-867c-3030a029da31", "omschrijving": "Bijlage Verzoek Tot Onderzoek (CORV)", "vertrouwelijkheidaanduiding": "vertrouwelijk", "begin_geldigheid": "2021-09-14", "einde_geldigheid": null, "concept": false}, {"url": "http://openzaak/catalogi/api/v1/informatieobjecttypen/f855dc8f-c38c-4119-b256-2d44f96afc1b", "catalogus": "http://openzaak/catalogi/api/v1/catalogussen/4cd1e38f-8deb-443e-867c-3030a029da31", "omschrijving": "AVR: Factuur leges bij aanvaag", "vertrouwelijkheidaanduiding": "vertrouwelijk", "begin_geldigheid": "2021-06-10", "einde_geldigheid": null, "concept": false}, {"url": "http://openzaak/catalogi/api/v1/informatieobjecttypen/08c44026-f20b-452e-9e1c-e5c392b77a79", "catalogus": "http://openzaak/catalogi/api/v1/catalogussen/4cd1e38f-8deb-443e-867c-3030a029da31", "omschrijving": "Document uit Clientportaal", "vertrouwelijkheidaanduiding": "vertrouwelijk", "begin_geldigheid": "2021-09-14", "einde_geldigheid": null, "concept": false}, {"url": "http://openzaak/catalogi/api/v1/informatieobjecttypen/fa18828d-8f58-416f-a77c-41eeb18c6611", "catalogus": "http://openzaak/catalogi/api/v1/catalogussen/4cd1e38f-8deb-443e-867c-3030a029da31", "omschrijving": "AVR: Ontwerpbesluit", "vertrouwelijkheidaanduiding": "vertrouwelijk", "begin_geldigheid": "2021-06-10", "einde_geldigheid": null, "concept": false}, {"url": "http://openzaak/catalogi/api/v1/informatieobjecttypen/f79feb9d-6814-4847-a165-6369258cd503", "catalogus": "http://openzaak/catalogi/api/v1/catalogussen/4cd1e38f-8deb-443e-867c-3030a029da31", "omschrijving": "Document uit documentcreatie", "vertrouwelijkheidaanduiding": "vertrouwelijk", "begin_geldigheid": "2021-09-14", "einde_geldigheid": null, "concept": false}, {"url": "http://openzaak/catalogi/api/v1/informatieobjecttypen/3bea5267-5573-4463-bee4-4764da6f2699", "catalogus": "http://openzaak/catalogi/api/v1/catalogussen/4cd1e38f-8deb-443e-867c-3030a029da31", "omschrijving": "Publicatie aanvraag", "vertrouwelijkheidaanduiding": "vertrouwelijk", "begin_geldigheid": "2021-06-10", "einde_geldigheid": null, "concept": false}, {"url": "http://openzaak/catalogi/api/v1/informatieobjecttypen/3367d284-c574-4f3b-a071-6740ce6ae150", "catalogus": "http://openzaak/catalogi/api/v1/catalogussen/4cd1e38f-8deb-443e-867c-3030a029da31", "omschrijving": "Intern document", "vertrouwelijkheidaanduiding": "vertrouwelijk", "begin_geldigheid": "2021-09-10", "einde_geldigheid": null, "concept": false}, {"url": "http://openzaak/catalogi/api/v1/informatieobjecttypen/97bbf0d8-4551-4d6e-9a20-01eb648b78d6", "catalogus": "http://openzaak/catalogi/api/v1/catalogussen/4cd1e38f-8deb-443e-867c-3030a029da31", "omschrijving": "Aanvullende gegevens van jeugdbescherming", "vertrouwelijkheidaanduiding": "vertrouwelijk", "begin_geldigheid": "2021-06-03", "einde_geldigheid": null, "concept": false}, {"url": "http://openzaak/catalogi/api/v1/informatieobjecttypen/43c419aa-7d23-462b-b3bf-c35fa307ed86", "catalogus": "http://openzaak/catalogi/api/v1/catalogussen/4cd1e38f-8deb-443e-867c-3030a029da31", "omschrijving": "Aanvullende gegevens van VeiligThuis", "vertrouwelijkheidaanduiding": "vertrouwelijk", "begin_geldigheid": "2021-06-03", "einde_geldigheid": null, "concept": false}, {"url": "http://openzaak/catalogi/api/v1/informatieobjecttypen/90a13e50-759e-47db-a340-d1189489c9db", "catalogus": "http://openzaak/catalogi/api/v1/catalogussen/4cd1e38f-8deb-443e-867c-3030a029da31", "omschrijving": "Evaluatie uitvoering actie", "vertrouwelijkheidaanduiding": "vertrouwelijk", "begin_geldigheid": "2021-06-03", "einde_geldigheid": null, "concept": false}, {"url": "http://openzaak/catalogi/api/v1/informatieobjecttypen/69aef65d-0a62-4ef0-aaf0-b7bf8dd55dc7", "catalogus": "http://openzaak/catalogi/api/v1/catalogussen/4cd1e38f-8deb-443e-867c-3030a029da31", "omschrijving": "Ondertekend bestand", "vertrouwelijkheidaanduiding": "vertrouwelijk", "begin_geldigheid": "2021-09-14", "einde_geldigheid": null, "concept": false}, {"url": "http://openzaak/catalogi/api/v1/informatieobjecttypen/daff2dcd-551c-40e4-bc4b-8f40f243ce5f", "catalogus": "http://openzaak/catalogi/api/v1/catalogussen/4cd1e38f-8deb-443e-867c-3030a029da31", "omschrijving": "Kennisgeving voortgang uitvoering actie", "vertrouwelijkheidaanduiding": "vertrouwelijk", "begin_geldigheid": "2021-06-03", "einde_geldigheid": null, "concept": false}, {"url": "http://openzaak/catalogi/api/v1/informatieobjecttypen/5562992f-ccf8-49ab-9821-219c63e2d455", "catalogus": "http://openzaak/catalogi/api/v1/catalogussen/4cd1e38f-8deb-443e-867c-3030a029da31", "omschrijving": "Zelfredzaamheidsmatrix voortgangsmeting", "vertrouwelijkheidaanduiding": "vertrouwelijk", "begin_geldigheid": "2021-06-03", "einde_geldigheid": null, "concept": false}, {"url": "http://openzaak/catalogi/api/v1/informatieobjecttypen/099ebd15-ad3b-4869-8f96-8d6a01becc00", "catalogus": "http://openzaak/catalogi/api/v1/catalogussen/4cd1e38f-8deb-443e-867c-3030a029da31", "omschrijving": "Zelfredzaamheidsmatrix nulmeting", "vertrouwelijkheidaanduiding": "vertrouwelijk", "begin_geldigheid": "2021-06-03", "einde_geldigheid": null, "concept": false}, {"url": "http://openzaak/catalogi/api/v1/informatieobjecttypen/b8d7f957-783a-4c6b-b4e5-36aedf7d0172", "catalogus": "http://openzaak/catalogi/api/v1/catalogussen/4cd1e38f-8deb-443e-867c-3030a029da31", "omschrijving": "Opdrachtformulier", "vertrouwelijkheidaanduiding": "vertrouwelijk", "begin_geldigheid": "2021-11-16", "einde_geldigheid": null, "concept": false}, {"url": "http://openzaak/catalogi/api/v1/informatieobjecttypen/80bf217a-946f-4ce6-bba5-bf0276b919e4", "catalogus": "http://openzaak/catalogi/api/v1/catalogussen/4cd1e38f-8deb-443e-867c-3030a029da31", "omschrijving": "Zelfredzaamheidsmatrix eindmeting", "vertrouwelijkheidaanduiding": "vertrouwelijk", "begin_geldigheid": "2021-06-03", "einde_geldigheid": null, "concept": false}, {"url": "http://openzaak/catalogi/api/v1/informatieobjecttypen/41b9d7a1-15ed-411b-960e-fabeb0c07280", "catalogus": "http://openzaak/catalogi/api/v1/catalogussen/4cd1e38f-8deb-443e-867c-3030a029da31", "omschrijving": "Voortgangsbericht", "vertrouwelijkheidaanduiding": "vertrouwelijk", "begin_geldigheid": "2021-06-03", "einde_geldigheid": null, "concept": false}, {"url": "http://openzaak/catalogi/api/v1/informatieobjecttypen/28db373c-4f00-48e8-a779-77ae058537f2", "catalogus": "http://openzaak/catalogi/api/v1/catalogussen/4cd1e38f-8deb-443e-867c-3030a029da31", "omschrijving": "Weigering aanmelding", "vertrouwelijkheidaanduiding": "vertrouwelijk", "begin_geldigheid": "2021-06-03", "einde_geldigheid": null, "concept": false}, {"url": "http://openzaak/catalogi/api/v1/informatieobjecttypen/f8c69117-3fdc-4489-8304-9d70595a1911", "catalogus": "http://openzaak/catalogi/api/v1/catalogussen/4cd1e38f-8deb-443e-867c-3030a029da31", "omschrijving": "Verzoek aanvullende gegevens aan jeugdbescherming", "vertrouwelijkheidaanduiding": "vertrouwelijk", "begin_geldigheid": "2021-06-03", "einde_geldigheid": null, "concept": false}, {"url": "http://openzaak/catalogi/api/v1/informatieobjecttypen/c7f9db5d-2445-41bb-a29a-9ea66d524a3c", "catalogus": "http://openzaak/catalogi/api/v1/catalogussen/4cd1e38f-8deb-443e-867c-3030a029da31", "omschrijving": "Verslag uitvoering actie", "vertrouwelijkheidaanduiding": "vertrouwelijk", "begin_geldigheid": "2021-06-03", "einde_geldigheid": null, "concept": false}, {"url": "http://openzaak/catalogi/api/v1/informatieobjecttypen/55ea47a7-8f9f-43b8-be3f-7b26c292eefa", "catalogus": "http://openzaak/catalogi/api/v1/catalogussen/4cd1e38f-8deb-443e-867c-3030a029da31", "omschrijving": "Rapport controle uitvoering actie", "vertrouwelijkheidaanduiding": "vertrouwelijk", "begin_geldigheid": "2021-06-03", "einde_geldigheid": null, "concept": false}, {"url": "http://openzaak/catalogi/api/v1/informatieobjecttypen/7494a657-cdf0-495f-b012-6ea4d2c9441d", "catalogus": "http://openzaak/catalogi/api/v1/catalogussen/4cd1e38f-8deb-443e-867c-3030a029da31", "omschrijving": "Brief geen omgevingsvergunning nodig", "vertrouwelijkheidaanduiding": "vertrouwelijk", "begin_geldigheid": "2021-12-14", "einde_geldigheid": null, "concept": false}, {"url": "http://openzaak/catalogi/api/v1/informatieobjecttypen/faca6a54-1fcf-4a6b-88ca-8bf8dec78a73", "catalogus": "http://openzaak/catalogi/api/v1/catalogussen/4cd1e38f-8deb-443e-867c-3030a029da31", "omschrijving": "Brief in behandeling nemen conceptaanvraag na aanvulling", "vertrouwelijkheidaanduiding": "vertrouwelijk", "begin_geldigheid": "2021-12-14", "einde_geldigheid": null, "concept": false}, {"url": "http://openzaak/catalogi/api/v1/informatieobjecttypen/56076117-9895-406d-9b9f-2386e5d902a4", "catalogus": "http://openzaak/catalogi/api/v1/catalogussen/4cd1e38f-8deb-443e-867c-3030a029da31", "omschrijving": "Brief negatief eindadvies conceptaanvraag", "vertrouwelijkheidaanduiding": "vertrouwelijk", "begin_geldigheid": "2021-12-14", "einde_geldigheid": null, "concept": false}, {"url": "http://openzaak/catalogi/api/v1/informatieobjecttypen/887e7dc4-d0e0-475e-b05c-ce2d2c696035", "catalogus": "http://openzaak/catalogi/api/v1/catalogussen/4cd1e38f-8deb-443e-867c-3030a029da31", "omschrijving": "Brief positief eindadvies conceptaanvraag", "vertrouwelijkheidaanduiding": "vertrouwelijk", "begin_geldigheid": "2021-12-14", "einde_geldigheid": null, "concept": false}, {"url": "http://openzaak/catalogi/api/v1/informatieobjecttypen/552f4a11-c772-4dfc-adc9-1faf0e180114", "catalogus": "http://openzaak/catalogi/api/v1/catalogussen/4cd1e38f-8deb-443e-867c-3030a029da31", "omschrijving": "Brief vooroverleg niet nodig", "vertrouwelijkheidaanduiding": "vertrouwelijk", "begin_geldigheid": "2021-12-14", "einde_geldigheid": null, "concept": false}, {"url": "http://openzaak/catalogi/api/v1/informatieobjecttypen/4caf567f-6bb9-4ae4-9db5-855d62df68c4", "catalogus": "http://openzaak/catalogi/api/v1/catalogussen/4cd1e38f-8deb-443e-867c-3030a029da31", "omschrijving": "Uitnodiging mondelinge toelichting conceptaanvraag", "vertrouwelijkheidaanduiding": "vertrouwelijk", "begin_geldigheid": "2021-12-14", "einde_geldigheid": null, "concept": false}, {"url": "http://openzaak/catalogi/api/v1/informatieobjecttypen/0c08f44e-d624-4cf5-8488-17f885aa8164", "catalogus": "http://openzaak/catalogi/api/v1/catalogussen/4cd1e38f-8deb-443e-867c-3030a029da31", "omschrijving": "Verslag overleg met aanvrager", "vertrouwelijkheidaanduiding": "vertrouwelijk", "begin_geldigheid": "2021-12-14", "einde_geldigheid": null, "concept": false}, {"url": "http://openzaak/catalogi/api/v1/informatieobjecttypen/81eccf68-bce4-4a28-8cdb-ce5a01b6412e", "catalogus": "http://openzaak/catalogi/api/v1/catalogussen/4cd1e38f-8deb-443e-867c-3030a029da31", "omschrijving": "Conceptaanvraag", "vertrouwelijkheidaanduiding": "vertrouwelijk", "begin_geldigheid": "2021-12-14", "einde_geldigheid": null, "concept": false}, {"url": "http://openzaak/catalogi/api/v1/informatieobjecttypen/f5fb1e52-48ed-460d-848a-4dde9686d62e", "catalogus": "http://openzaak/catalogi/api/v1/catalogussen/4cd1e38f-8deb-443e-867c-3030a029da31", "omschrijving": "Verzoek advies", "vertrouwelijkheidaanduiding": "vertrouwelijk", "begin_geldigheid": "2021-12-14", "einde_geldigheid": null, "concept": false}]