[{"url": "http://test.openzaak.nl/catalogi/api/v1/catalogussen/683fd65a-7aeb-464f-b872-02cd3f8a5ae7", "domein": "SWF", "rsin": "823288444", "contactpersoon_beheer_naam": "Eduard Witteveen", "contactpersoon_beheer_telefoonnummer": "06 256 905 94", "contactpersoon_beheer_emailadres": "e.witteveen@sudwestfryslan.nl", "zaaktypen": ["http://test.openzaak.nl/catalogi/api/v1/zaaktypen/2664b8fc-0890-47a8-be64-7b67695bf554", "http://test.openzaak.nl/catalogi/api/v1/zaaktypen/6ef7202f-698a-412e-af90-9a4a24609116", "http://test.openzaak.nl/catalogi/api/v1/zaaktypen/30aa14e5-1da1-4bcb-b1ad-b059eb5d6c7c", "http://test.openzaak.nl/catalogi/api/v1/zaaktypen/fa932680-0c13-40cd-a098-e5928291019d", "http://test.openzaak.nl/catalogi/api/v1/zaaktypen/7a46965f-14a6-4ff7-9975-aabe6936fca5", "http://test.openzaak.nl/catalogi/api/v1/zaaktypen/0ca6b0b2-3394-4881-bada-6e8a68ec910e", "http://test.openzaak.nl/catalogi/api/v1/zaaktypen/3b8c4c95-6308-4dac-a188-123cf3059ba1"], "besluittypen": [], "informatieobjecttypen": ["http://test.openzaak.nl/catalogi/api/v1/informatieobjecttypen/d10b3a2d-a7f9-45b5-9010-51ab58f3ac4e", "http://test.openzaak.nl/catalogi/api/v1/informatieobjecttypen/c17964df-8777-4a13-8913-31a9bb37726a"]}]