[{"url": "http://testtsjinstbus.sudwestfryslan.nl/zgw/catalogi/api/v1/catalogussen/a932b39e-b11d-44ca-9b77-793d82395827", "domein": "SWF", "rsin": "823288444", "contactpersoon_beheer_naam": "Tessa van der Laan", "contactpersoon_beheer_telefoonnummer": "0515-489809", "contactpersoon_beheer_emailadres": "te.vanderlaan@sudwestfryslan.nl", "zaaktypen": ["http://testtsjinstbus.sudwestfryslan.nl/zgw/catalogi/api/v1/zaaktypen/47029861-e38b-4c9f-a4b3-398d03aca972", "http://testtsjinstbus.sudwestfryslan.nl/zgw/catalogi/api/v1/zaaktypen/2a4d1832-9670-40f6-a656-a6d0ad446bed", "http://testtsjinstbus.sudwestfryslan.nl/zgw/catalogi/api/v1/zaaktypen/92f5d3aa-5779-48a9-b5e5-57aa89a6c00c", "http://testtsjinstbus.sudwestfryslan.nl/zgw/catalogi/api/v1/zaaktypen/8569c1a9-0040-44c6-af0b-4fdd2ec91846", "http://testtsjinstbus.sudwestfryslan.nl/zgw/catalogi/api/v1/zaaktypen/55d3e7a9-6aac-4b9f-a0bf-71ac80b6e6ca", "http://testtsjinstbus.sudwestfryslan.nl/zgw/catalogi/api/v1/zaaktypen/49ede13b-e383-4045-ad70-2d6bb03d5cbf", "http://testtsjinstbus.sudwestfryslan.nl/zgw/catalogi/api/v1/zaaktypen/bdf0cf15-10f4-462e-97b7-d0f27590761c", "http://testtsjinstbus.sudwestfryslan.nl/zgw/catalogi/api/v1/zaaktypen/9984084d-df07-4071-ae50-dcbca475e585", "http://testtsjinstbus.sudwestfryslan.nl/zgw/catalogi/api/v1/zaaktypen/42da1429-6d72-4f22-b8ba-f69aacb00baa", "http://testtsjinstbus.sudwestfryslan.nl/zgw/catalogi/api/v1/zaaktypen/e9c19527-c47d-4ee8-9982-4ec6b61d4a8b", "http://testtsjinstbus.sudwestfryslan.nl/zgw/catalogi/api/v1/zaaktypen/04e1929b-b14b-46e2-9427-f2a28de4a009", "http://testtsjinstbus.sudwestfryslan.nl/zgw/catalogi/api/v1/zaaktypen/566791c6-6aeb-4825-8012-40f8620d1d61", "http://testtsjinstbus.sudwestfryslan.nl/zgw/catalogi/api/v1/zaaktypen/e5ea04d4-76ca-433b-9a1d-a63708a7eafc", "http://testtsjinstbus.sudwestfryslan.nl/zgw/catalogi/api/v1/zaaktypen/87628c3b-9707-4ea1-bea5-00414e603d4d", "http://testtsjinstbus.sudwestfryslan.nl/zgw/catalogi/api/v1/zaaktypen/949d1008-7e19-4547-8466-e4ace5dbcbf7", "http://testtsjinstbus.sudwestfryslan.nl/zgw/catalogi/api/v1/zaaktypen/694e3ea8-2eb8-429e-b1a6-bc6f81ec663b", "http://testtsjinstbus.sudwestfryslan.nl/zgw/catalogi/api/v1/zaaktypen/19ae1de3-b60f-4aa5-8317-4b575572ecde", "http://testtsjinstbus.sudwestfryslan.nl/zgw/catalogi/api/v1/zaaktypen/f9e2b2a9-d3ca-4660-a31f-f5f9984210ef", "http://testtsjinstbus.sudwestfryslan.nl/zgw/catalogi/api/v1/zaaktypen/97e26503-173e-4e27-84b2-f399411f19b2", "http://testtsjinstbus.sudwestfryslan.nl/zgw/catalogi/api/v1/zaaktypen/75ec9d61-7f71-49cd-878c-5433cd801775", "http://testtsjinstbus.sudwestfryslan.nl/zgw/catalogi/api/v1/zaaktypen/79a9328c-4692-40fe-a4c9-66cfadf4ecbf", "http://testtsjinstbus.sudwestfryslan.nl/zgw/catalogi/api/v1/zaaktypen/3d4e3337-8c3e-4225-a13c-57e7302a87f0", "http://testtsjinstbus.sudwestfryslan.nl/zgw/catalogi/api/v1/zaaktypen/8a94b6ac-6470-41a3-978d-5e477c767f1c", "http://testtsjinstbus.sudwestfryslan.nl/zgw/catalogi/api/v1/zaaktypen/a68ed738-f1ff-4dfd-b5da-564449ff0c6f", "http://testtsjinstbus.sudwestfryslan.nl/zgw/catalogi/api/v1/zaaktypen/94453e59-6692-46d0-b1b0-06edbf64a5be", "http://testtsjinstbus.sudwestfryslan.nl/zgw/catalogi/api/v1/zaaktypen/1f2bd9e4-5439-49b4-8331-39c263d97abd", "http://testtsjinstbus.sudwestfryslan.nl/zgw/catalogi/api/v1/zaaktypen/81ca8b9f-21e1-43f7-8c48-6fcd7a41f229", "http://testtsjinstbus.sudwestfryslan.nl/zgw/catalogi/api/v1/zaaktypen/980fdc4d-bbfc-432e-bc59-c79c2a04ba47", "http://testtsjinstbus.sudwestfryslan.nl/zgw/catalogi/api/v1/zaaktypen/0752d238-7583-4a20-96e0-b4b97e07a567", "http://testtsjinstbus.sudwestfryslan.nl/zgw/catalogi/api/v1/zaaktypen/0b633b8d-9ae4-4a40-8d1c-669f68d6efe5", "http://testtsjinstbus.sudwestfryslan.nl/zgw/catalogi/api/v1/zaaktypen/bacf389f-43f8-437c-ae11-2d2cab4f9881", "http://testtsjinstbus.sudwestfryslan.nl/zgw/catalogi/api/v1/zaaktypen/9ea47773-13b7-4211-9f6d-c4a7856abd60", "http://testtsjinstbus.sudwestfryslan.nl/zgw/catalogi/api/v1/zaaktypen/06eaedd5-091f-462c-9f10-3f07c4eafa68", "http://testtsjinstbus.sudwestfryslan.nl/zgw/catalogi/api/v1/zaaktypen/a14e74b7-7a95-439c-a1b3-9d7f944f995b", "http://testtsjinstbus.sudwestfryslan.nl/zgw/catalogi/api/v1/zaaktypen/473ec308-67a9-45a4-b199-6ed98eb19a76", "http://testtsjinstbus.sudwestfryslan.nl/zgw/catalogi/api/v1/zaaktypen/ad1ed3ce-f531-4d56-b387-7f4c5ae6da83", "http://testtsjinstbus.sudwestfryslan.nl/zgw/catalogi/api/v1/zaaktypen/015b3e88-fb20-4419-aab2-86178d6feb53", "http://testtsjinstbus.sudwestfryslan.nl/zgw/catalogi/api/v1/zaaktypen/b8d61498-556c-46bb-900e-543236180839", "http://testtsjinstbus.sudwestfryslan.nl/zgw/catalogi/api/v1/zaaktypen/a8437cab-0793-49b3-9b64-a5edce2a03e6", "http://testtsjinstbus.sudwestfryslan.nl/zgw/catalogi/api/v1/zaaktypen/789a15a8-1b47-408f-bb54-fee64f056753", "http://testtsjinstbus.sudwestfryslan.nl/zgw/catalogi/api/v1/zaaktypen/87ad4d10-e29a-486e-b947-c01105c71295", "http://testtsjinstbus.sudwestfryslan.nl/zgw/catalogi/api/v1/zaaktypen/e622fa2e-f4cf-47de-b0ad-05eab849ff1c", "http://testtsjinstbus.sudwestfryslan.nl/zgw/catalogi/api/v1/zaaktypen/7d0b675e-cdb2-4732-8b07-feaaf90b8d2a", "http://testtsjinstbus.sudwestfryslan.nl/zgw/catalogi/api/v1/zaaktypen/a16fb601-e3ef-4237-b555-bd94a5c4df82", "http://testtsjinstbus.sudwestfryslan.nl/zgw/catalogi/api/v1/zaaktypen/965b0e54-53c8-4cb7-9ddd-ee0a771653f9", "http://testtsjinstbus.sudwestfryslan.nl/zgw/catalogi/api/v1/zaaktypen/130654de-7ce8-4b82-824f-2eafb11abc31", "http://testtsjinstbus.sudwestfryslan.nl/zgw/catalogi/api/v1/zaaktypen/5235132b-776d-400c-af7e-be4ebfc34f0d", "http://testtsjinstbus.sudwestfryslan.nl/zgw/catalogi/api/v1/zaaktypen/ac87644a-9696-4e64-8eab-a754dc0effe6", "http://testtsjinstbus.sudwestfryslan.nl/zgw/catalogi/api/v1/zaaktypen/dd362c4f-ef8c-46e8-97d5-02c6b696a461", "http://testtsjinstbus.sudwestfryslan.nl/zgw/catalogi/api/v1/zaaktypen/42786a22-5431-428a-ad0d-3111764dbc65", "http://testtsjinstbus.sudwestfryslan.nl/zgw/catalogi/api/v1/zaaktypen/a2bd9e53-1215-46bc-93dd-67b5bb92c65b", "http://testtsjinstbus.sudwestfryslan.nl/zgw/catalogi/api/v1/zaaktypen/5fd44757-7f99-40c4-92b1-0756dc37e304", "http://testtsjinstbus.sudwestfryslan.nl/zgw/catalogi/api/v1/zaaktypen/02a295c0-2907-4c6c-97b5-f26ba8b19487", "http://testtsjinstbus.sudwestfryslan.nl/zgw/catalogi/api/v1/zaaktypen/a10027b8-6bd5-4982-b854-b93000e6c50f", "http://testtsjinstbus.sudwestfryslan.nl/zgw/catalogi/api/v1/zaaktypen/468c4ea9-343b-46f8-b113-93d7604f4805", "http://testtsjinstbus.sudwestfryslan.nl/zgw/catalogi/api/v1/zaaktypen/8db6ea43-0dc9-4245-ab45-3a1f93fe87db", "http://testtsjinstbus.sudwestfryslan.nl/zgw/catalogi/api/v1/zaaktypen/34c5eb85-c32c-4a38-abca-5a3744ced6b4", "http://testtsjinstbus.sudwestfryslan.nl/zgw/catalogi/api/v1/zaaktypen/aed4a4dc-4fcb-4d96-a240-727339186e38", "http://testtsjinstbus.sudwestfryslan.nl/zgw/catalogi/api/v1/zaaktypen/004e6f92-d728-4def-9ec6-abe9ee547ef1", "http://testtsjinstbus.sudwestfryslan.nl/zgw/catalogi/api/v1/zaaktypen/b79f529c-ffcd-4d19-9115-db4531adbb67", "http://testtsjinstbus.sudwestfryslan.nl/zgw/catalogi/api/v1/zaaktypen/f24861d5-5c3c-4d0b-be2a-30f56432c93f", "http://testtsjinstbus.sudwestfryslan.nl/zgw/catalogi/api/v1/zaaktypen/ec93b2aa-0470-4c1a-ae06-70651958d3cb", "http://testtsjinstbus.sudwestfryslan.nl/zgw/catalogi/api/v1/zaaktypen/6d3026b0-33cc-4a3c-b473-49dd8f1f547d", "http://testtsjinstbus.sudwestfryslan.nl/zgw/catalogi/api/v1/zaaktypen/e9bb7594-a59b-4ea4-866e-7c43d7be2010", "http://testtsjinstbus.sudwestfryslan.nl/zgw/catalogi/api/v1/zaaktypen/959fb17c-d5f0-4e4f-bfcf-a9e570e7e337", "http://testtsjinstbus.sudwestfryslan.nl/zgw/catalogi/api/v1/zaaktypen/92c05556-4611-4030-97f9-7ba8e28b9800", "http://testtsjinstbus.sudwestfryslan.nl/zgw/catalogi/api/v1/zaaktypen/2497b161-fb0e-44fb-b13b-c6c3bca1b772", "http://testtsjinstbus.sudwestfryslan.nl/zgw/catalogi/api/v1/zaaktypen/2f4fbd7c-fe34-43d2-b9fc-2de77fcd18d8", "http://testtsjinstbus.sudwestfryslan.nl/zgw/catalogi/api/v1/zaaktypen/62822a6e-ab9e-41d2-9312-8f84640823fd", "http://testtsjinstbus.sudwestfryslan.nl/zgw/catalogi/api/v1/zaaktypen/72c7971b-ec73-4e28-8700-d591bc550d6f", "http://testtsjinstbus.sudwestfryslan.nl/zgw/catalogi/api/v1/zaaktypen/c1a0f592-807e-4d8d-8e40-186a72ba6fb2", "http://testtsjinstbus.sudwestfryslan.nl/zgw/catalogi/api/v1/zaaktypen/b63dc5e5-da2d-444e-ad39-0cd8bdbe4cce", "http://testtsjinstbus.sudwestfryslan.nl/zgw/catalogi/api/v1/zaaktypen/621dd687-3782-456a-8881-cf75a167193d", "http://testtsjinstbus.sudwestfryslan.nl/zgw/catalogi/api/v1/zaaktypen/00afed0d-c124-4b6a-b8d7-0d0c22d5fcb4", "http://testtsjinstbus.sudwestfryslan.nl/zgw/catalogi/api/v1/zaaktypen/0b35a694-ba63-453c-aace-7cad97cd9773", "http://testtsjinstbus.sudwestfryslan.nl/zgw/catalogi/api/v1/zaaktypen/2f6df291-d800-4620-a00e-bb6e2c9ad98e", "http://testtsjinstbus.sudwestfryslan.nl/zgw/catalogi/api/v1/zaaktypen/6e73a85e-8d07-4d55-a9a3-cbd13338acf8", "http://testtsjinstbus.sudwestfryslan.nl/zgw/catalogi/api/v1/zaaktypen/23793b4f-3450-46bf-ad93-394b62e735f1", "http://testtsjinstbus.sudwestfryslan.nl/zgw/catalogi/api/v1/zaaktypen/9adf4856-7a39-419e-a49e-e7caa6b2db32", "http://testtsjinstbus.sudwestfryslan.nl/zgw/catalogi/api/v1/zaaktypen/c4b108fc-f96a-49a2-a045-e28a84b83fb4", "http://testtsjinstbus.sudwestfryslan.nl/zgw/catalogi/api/v1/zaaktypen/0df302f0-665b-41fe-a460-e69b3fd76504", "http://testtsjinstbus.sudwestfryslan.nl/zgw/catalogi/api/v1/zaaktypen/4f3b5242-46c3-4add-9398-90e6e4586e58", "http://testtsjinstbus.sudwestfryslan.nl/zgw/catalogi/api/v1/zaaktypen/a17d1b7b-44dc-4256-aec9-ef5b3cbd4378", "http://testtsjinstbus.sudwestfryslan.nl/zgw/catalogi/api/v1/zaaktypen/dbb72249-6730-495f-bdc2-b948433cb7f7", "http://testtsjinstbus.sudwestfryslan.nl/zgw/catalogi/api/v1/zaaktypen/73828f3c-0a70-41ca-a55a-2227ba9b3408", "http://testtsjinstbus.sudwestfryslan.nl/zgw/catalogi/api/v1/zaaktypen/649e9000-0519-4898-aab1-294c33864089", "http://testtsjinstbus.sudwestfryslan.nl/zgw/catalogi/api/v1/zaaktypen/cec00141-e1d8-4a73-bad8-8a856ef9770f", "http://testtsjinstbus.sudwestfryslan.nl/zgw/catalogi/api/v1/zaaktypen/38bcf868-ca4b-4c6d-85a9-5bb0131edb1c", "http://testtsjinstbus.sudwestfryslan.nl/zgw/catalogi/api/v1/zaaktypen/b83889a3-e9a6-4702-ade9-a4cf692a142d", "http://testtsjinstbus.sudwestfryslan.nl/zgw/catalogi/api/v1/zaaktypen/b162c861-218a-4147-84e2-aa27caec5e5f", "http://testtsjinstbus.sudwestfryslan.nl/zgw/catalogi/api/v1/zaaktypen/309d6291-5ce4-4492-b0a1-158586a6f2c4", "http://testtsjinstbus.sudwestfryslan.nl/zgw/catalogi/api/v1/zaaktypen/91864b91-be86-4015-8413-d5febb48a043", "http://testtsjinstbus.sudwestfryslan.nl/zgw/catalogi/api/v1/zaaktypen/0b143a30-1e21-4f3a-96e0-d9712c1d2cf0", "http://testtsjinstbus.sudwestfryslan.nl/zgw/catalogi/api/v1/zaaktypen/52003654-4280-43b1-b34e-3bb9de534ec3", "http://testtsjinstbus.sudwestfryslan.nl/zgw/catalogi/api/v1/zaaktypen/c639de0d-1573-40e6-91da-20bfc59a7272", "http://testtsjinstbus.sudwestfryslan.nl/zgw/catalogi/api/v1/zaaktypen/813c57e5-4a72-4c6b-a201-1b684d4ada4d", "http://testtsjinstbus.sudwestfryslan.nl/zgw/catalogi/api/v1/zaaktypen/1fa1f653-7727-40a4-b1dd-d2ddba54555f", "http://testtsjinstbus.sudwestfryslan.nl/zgw/catalogi/api/v1/zaaktypen/2535175a-e78b-4b6c-9c3f-5750d8078c91", "http://testtsjinstbus.sudwestfryslan.nl/zgw/catalogi/api/v1/zaaktypen/fe31e3f4-1e28-4c6b-8cd0-fb9e18f4cc2d", "http://testtsjinstbus.sudwestfryslan.nl/zgw/catalogi/api/v1/zaaktypen/c68de924-3c13-489a-9dfb-0d2c03b87f53", "http://testtsjinstbus.sudwestfryslan.nl/zgw/catalogi/api/v1/zaaktypen/0063e202-6040-492d-9908-112d6dece40c", "http://testtsjinstbus.sudwestfryslan.nl/zgw/catalogi/api/v1/zaaktypen/92b1df03-fe6c-4121-a017-6d78692f6445", "http://testtsjinstbus.sudwestfryslan.nl/zgw/catalogi/api/v1/zaaktypen/7c1aa3e2-c90d-4f52-9638-3da317d26b5b", "http://testtsjinstbus.sudwestfryslan.nl/zgw/catalogi/api/v1/zaaktypen/8fadc977-ff6e-49f0-bd36-6adbe5cc9a5a", "http://testtsjinstbus.sudwestfryslan.nl/zgw/catalogi/api/v1/zaaktypen/82823b30-1358-42c1-91f2-15edcf02ab63", "http://testtsjinstbus.sudwestfryslan.nl/zgw/catalogi/api/v1/zaaktypen/2e9e2a66-d62d-48a9-a21c-e59ce6e2d58e", "http://testtsjinstbus.sudwestfryslan.nl/zgw/catalogi/api/v1/zaaktypen/576f1311-12be-4e2a-aeb4-8485c9299a4a", "http://testtsjinstbus.sudwestfryslan.nl/zgw/catalogi/api/v1/zaaktypen/3915b0a9-ae55-4155-b8f9-57b47cf0a34b", "http://testtsjinstbus.sudwestfryslan.nl/zgw/catalogi/api/v1/zaaktypen/0093ac87-4bdf-412e-b3d1-8775b2141780", "http://testtsjinstbus.sudwestfryslan.nl/zgw/catalogi/api/v1/zaaktypen/4e160c29-b171-448e-aec6-1add6051108f", "http://testtsjinstbus.sudwestfryslan.nl/zgw/catalogi/api/v1/zaaktypen/294496c9-78d0-4ee6-8c23-5acfc6f341d5", "http://testtsjinstbus.sudwestfryslan.nl/zgw/catalogi/api/v1/zaaktypen/688adfb1-7460-4d5d-9842-f75d303fc590", "http://testtsjinstbus.sudwestfryslan.nl/zgw/catalogi/api/v1/zaaktypen/6c9baa6d-dfde-422d-8435-c36b26983269", "http://testtsjinstbus.sudwestfryslan.nl/zgw/catalogi/api/v1/zaaktypen/cc528967-8953-4522-86e1-401f8ddb069c", "http://testtsjinstbus.sudwestfryslan.nl/zgw/catalogi/api/v1/zaaktypen/c288903b-f1f6-4ce9-bed2-c8a56c17562d", "http://testtsjinstbus.sudwestfryslan.nl/zgw/catalogi/api/v1/zaaktypen/354bcf82-9cee-41aa-b182-6c354af592e4", "http://testtsjinstbus.sudwestfryslan.nl/zgw/catalogi/api/v1/zaaktypen/97c6eb0c-24fe-44e0-973c-e7f61385e5ff", "http://testtsjinstbus.sudwestfryslan.nl/zgw/catalogi/api/v1/zaaktypen/33abdc3d-f1ff-44d7-87d0-42f05c294e6b", "http://testtsjinstbus.sudwestfryslan.nl/zgw/catalogi/api/v1/zaaktypen/37d26aed-17ce-4fc7-9f0b-cfa3ad216a7f", "http://testtsjinstbus.sudwestfryslan.nl/zgw/catalogi/api/v1/zaaktypen/91d73ce2-6c12-414d-bf64-e1d2c4c1177d", "http://testtsjinstbus.sudwestfryslan.nl/zgw/catalogi/api/v1/zaaktypen/6e12240c-eb9f-4a34-9c85-c49fa7973b5b", "http://testtsjinstbus.sudwestfryslan.nl/zgw/catalogi/api/v1/zaaktypen/b85a92e7-1deb-463d-a10b-67f80794d58a", "http://testtsjinstbus.sudwestfryslan.nl/zgw/catalogi/api/v1/zaaktypen/b20ebe0b-8ef7-470f-b272-71af731f24aa"], "besluittypen": [], "informatieobjecttypen": ["http://testtsjinstbus.sudwestfryslan.nl/zgw/catalogi/api/v1/informatieobjecttypen/7bc55bff-25a2-4e76-bb4b-b1335533eefd", "http://testtsjinstbus.sudwestfryslan.nl/zgw/catalogi/api/v1/informatieobjecttypen/0dac0581-46cd-4498-9f70-7c9b3239b03d", "http://testtsjinstbus.sudwestfryslan.nl/zgw/catalogi/api/v1/informatieobjecttypen/83c660fa-b3d3-4ec7-afb0-3576609957de", "http://testtsjinstbus.sudwestfryslan.nl/zgw/catalogi/api/v1/informatieobjecttypen/f1d4e922-7fb2-41e4-a3df-5d8ff9711fac", "http://testtsjinstbus.sudwestfryslan.nl/zgw/catalogi/api/v1/informatieobjecttypen/1ed4a1b0-b3a8-4aa5-a71c-03569f9575e6", "http://testtsjinstbus.sudwestfryslan.nl/zgw/catalogi/api/v1/informatieobjecttypen/dcf1ca0c-6825-4f24-975a-93aa06d84bf5", "http://testtsjinstbus.sudwestfryslan.nl/zgw/catalogi/api/v1/informatieobjecttypen/484ed31c-23e3-40b4-8caa-06af16a744cc", "http://testtsjinstbus.sudwestfryslan.nl/zgw/catalogi/api/v1/informatieobjecttypen/60e848b5-a435-4f1a-8ee7-e43014eee1de", "http://testtsjinstbus.sudwestfryslan.nl/zgw/catalogi/api/v1/informatieobjecttypen/35eb7efa-202f-46aa-984c-6ae8cc8771cd", "http://testtsjinstbus.sudwestfryslan.nl/zgw/catalogi/api/v1/informatieobjecttypen/be468ba2-dc68-4a8d-a326-b6fe9e3c035d", "http://testtsjinstbus.sudwestfryslan.nl/zgw/catalogi/api/v1/informatieobjecttypen/d2d769c4-4d50-4045-8e70-d0464996f7a6", "http://testtsjinstbus.sudwestfryslan.nl/zgw/catalogi/api/v1/informatieobjecttypen/93c52d07-6cb3-4c72-915b-59e830259f27", "http://testtsjinstbus.sudwestfryslan.nl/zgw/catalogi/api/v1/informatieobjecttypen/fd75cdca-3006-45ab-9b1f-0838aab726b0", "http://testtsjinstbus.sudwestfryslan.nl/zgw/catalogi/api/v1/informatieobjecttypen/ad8e4126-d0dc-41d7-8328-17450fffcdad", "http://testtsjinstbus.sudwestfryslan.nl/zgw/catalogi/api/v1/informatieobjecttypen/e96a92e8-77ef-4e32-a6b3-42f1d101596c", "http://testtsjinstbus.sudwestfryslan.nl/zgw/catalogi/api/v1/informatieobjecttypen/796a7441-d0a2-4563-9204-388d75b98481", "http://testtsjinstbus.sudwestfryslan.nl/zgw/catalogi/api/v1/informatieobjecttypen/83001bcb-d328-4686-8a89-fa4477f8c5c5", "http://testtsjinstbus.sudwestfryslan.nl/zgw/catalogi/api/v1/informatieobjecttypen/2f227b72-688c-4608-932f-59c83957f62d", "http://testtsjinstbus.sudwestfryslan.nl/zgw/catalogi/api/v1/informatieobjecttypen/ecf475f1-96db-4afd-8105-0e3fc55f10aa", "http://testtsjinstbus.sudwestfryslan.nl/zgw/catalogi/api/v1/informatieobjecttypen/6f027b61-65e4-4871-b953-671a2e789535", "http://testtsjinstbus.sudwestfryslan.nl/zgw/catalogi/api/v1/informatieobjecttypen/218446c5-d484-40a8-976f-ed6fbf07b027", "http://testtsjinstbus.sudwestfryslan.nl/zgw/catalogi/api/v1/informatieobjecttypen/d7447bab-e02c-41d4-8923-9887bcb487e5", "http://testtsjinstbus.sudwestfryslan.nl/zgw/catalogi/api/v1/informatieobjecttypen/73f52bb8-ed41-46e6-911e-85ff50dd2e06", "http://testtsjinstbus.sudwestfryslan.nl/zgw/catalogi/api/v1/informatieobjecttypen/f40cb43b-fdfd-4089-9528-75e721eb2916", "http://testtsjinstbus.sudwestfryslan.nl/zgw/catalogi/api/v1/informatieobjecttypen/9c8265dd-b98a-4ad0-b8d8-f83e8e1a4e72", "http://testtsjinstbus.sudwestfryslan.nl/zgw/catalogi/api/v1/informatieobjecttypen/bbe1d294-8388-4595-adfd-515f5a48b0fe", "http://testtsjinstbus.sudwestfryslan.nl/zgw/catalogi/api/v1/informatieobjecttypen/5504c53b-3cac-4b26-92dc-4b997704e771", "http://testtsjinstbus.sudwestfryslan.nl/zgw/catalogi/api/v1/informatieobjecttypen/a4b13769-1662-4a9c-a704-dead89e339d2", "http://testtsjinstbus.sudwestfryslan.nl/zgw/catalogi/api/v1/informatieobjecttypen/8d3be1ff-d2c1-42cb-95b4-ced46061596e", "http://testtsjinstbus.sudwestfryslan.nl/zgw/catalogi/api/v1/informatieobjecttypen/58216f86-0b3d-4352-b95f-2b982b7f7803", "http://testtsjinstbus.sudwestfryslan.nl/zgw/catalogi/api/v1/informatieobjecttypen/1d48153c-dc52-4654-b9bf-7eb5ab372a29", "http://testtsjinstbus.sudwestfryslan.nl/zgw/catalogi/api/v1/informatieobjecttypen/566b0f35-edc9-41f6-90d8-0b7068c5523e", "http://testtsjinstbus.sudwestfryslan.nl/zgw/catalogi/api/v1/informatieobjecttypen/89e0c33f-2f55-4ce1-98b0-14dd6f58adce", "http://testtsjinstbus.sudwestfryslan.nl/zgw/catalogi/api/v1/informatieobjecttypen/23b0c022-f955-4233-be8e-a715baf7f0f9", "http://testtsjinstbus.sudwestfryslan.nl/zgw/catalogi/api/v1/informatieobjecttypen/bd2d87ad-b33b-4322-8e27-3a96d0e0f42d", "http://testtsjinstbus.sudwestfryslan.nl/zgw/catalogi/api/v1/informatieobjecttypen/94f87f43-bd18-4540-99d4-a6765702f466", "http://testtsjinstbus.sudwestfryslan.nl/zgw/catalogi/api/v1/informatieobjecttypen/1488d8af-abb5-44ad-841b-ca26fa4fc27c", "http://testtsjinstbus.sudwestfryslan.nl/zgw/catalogi/api/v1/informatieobjecttypen/af2d8d3d-ac2e-4c39-b702-b9d2ea8290c1", "http://testtsjinstbus.sudwestfryslan.nl/zgw/catalogi/api/v1/informatieobjecttypen/ac8bf592-eb8f-497e-ba57-68ac214926df", "http://testtsjinstbus.sudwestfryslan.nl/zgw/catalogi/api/v1/informatieobjecttypen/d38765f4-c197-4cf5-a04a-c7ebdbce868b", "http://testtsjinstbus.sudwestfryslan.nl/zgw/catalogi/api/v1/informatieobjecttypen/d6ebbb92-83cc-40b6-aef0-bd101e65763a", "http://testtsjinstbus.sudwestfryslan.nl/zgw/catalogi/api/v1/informatieobjecttypen/19dce8cc-3c7e-4884-b789-f6f32310929f", "http://testtsjinstbus.sudwestfryslan.nl/zgw/catalogi/api/v1/informatieobjecttypen/1615fc33-964f-4e36-a496-b750b70cdf45", "http://testtsjinstbus.sudwestfryslan.nl/zgw/catalogi/api/v1/informatieobjecttypen/5e8f781b-ae24-4bfc-9075-19d0d0eaecc0", "http://testtsjinstbus.sudwestfryslan.nl/zgw/catalogi/api/v1/informatieobjecttypen/caae931c-9fa8-4c5d-a2de-f7e86c3586b8", "http://testtsjinstbus.sudwestfryslan.nl/zgw/catalogi/api/v1/informatieobjecttypen/fba132f4-ebe4-4e95-ae12-ebdc5f74ba0e", "http://testtsjinstbus.sudwestfryslan.nl/zgw/catalogi/api/v1/informatieobjecttypen/303b8a82-3f1f-4ba8-9e27-c462f02e1f96", "http://testtsjinstbus.sudwestfryslan.nl/zgw/catalogi/api/v1/informatieobjecttypen/b008e5c6-c4a6-4868-93b0-5c70d05c55f3", "http://testtsjinstbus.sudwestfryslan.nl/zgw/catalogi/api/v1/informatieobjecttypen/24201d44-54ee-4748-8e99-3aeb99482f33", "http://testtsjinstbus.sudwestfryslan.nl/zgw/catalogi/api/v1/informatieobjecttypen/2a361735-84f0-4cbf-a714-50db78331239", "http://testtsjinstbus.sudwestfryslan.nl/zgw/catalogi/api/v1/informatieobjecttypen/d0ec586b-820d-4178-8335-0934b64ca451", "http://testtsjinstbus.sudwestfryslan.nl/zgw/catalogi/api/v1/informatieobjecttypen/f58879e4-b10e-40a8-a3c4-cbb0865bc898", "http://testtsjinstbus.sudwestfryslan.nl/zgw/catalogi/api/v1/informatieobjecttypen/ba633273-c393-4632-aada-fe8820678c39", "http://testtsjinstbus.sudwestfryslan.nl/zgw/catalogi/api/v1/informatieobjecttypen/92a63cd2-09a8-440a-a236-9812ba820364", "http://testtsjinstbus.sudwestfryslan.nl/zgw/catalogi/api/v1/informatieobjecttypen/768f59fb-62c0-4ab0-b434-3ce3c47036e1", "http://testtsjinstbus.sudwestfryslan.nl/zgw/catalogi/api/v1/informatieobjecttypen/9329b493-79f7-4116-9f20-ebb85be5a702", "http://testtsjinstbus.sudwestfryslan.nl/zgw/catalogi/api/v1/informatieobjecttypen/eb124a94-19aa-4776-9e49-c0b01a96f088", "http://testtsjinstbus.sudwestfryslan.nl/zgw/catalogi/api/v1/informatieobjecttypen/653e04d2-c35a-4468-8127-4917a49a27bb", "http://testtsjinstbus.sudwestfryslan.nl/zgw/catalogi/api/v1/informatieobjecttypen/4bf15baf-a9b8-48e7-907d-36e7d7516511", "http://testtsjinstbus.sudwestfryslan.nl/zgw/catalogi/api/v1/informatieobjecttypen/3ef69a7d-1ef4-40e9-a70e-9873426edb17", "http://testtsjinstbus.sudwestfryslan.nl/zgw/catalogi/api/v1/informatieobjecttypen/1131933d-bc28-4894-b29f-e752d70dce32", "http://testtsjinstbus.sudwestfryslan.nl/zgw/catalogi/api/v1/informatieobjecttypen/ee9571c5-a8d7-4c9a-92a7-db8e87e4a002", "http://testtsjinstbus.sudwestfryslan.nl/zgw/catalogi/api/v1/informatieobjecttypen/d92143df-288c-4876-8c09-47a915d88aa0", "http://testtsjinstbus.sudwestfryslan.nl/zgw/catalogi/api/v1/informatieobjecttypen/58ec2b87-6ddb-4a0f-bdd4-7a140e2302fa", "http://testtsjinstbus.sudwestfryslan.nl/zgw/catalogi/api/v1/informatieobjecttypen/c9c21db7-f57e-4b01-8306-6b7d3f2bef9f", "http://testtsjinstbus.sudwestfryslan.nl/zgw/catalogi/api/v1/informatieobjecttypen/57d6a13a-136e-4c47-99b3-57aff030899d", "http://testtsjinstbus.sudwestfryslan.nl/zgw/catalogi/api/v1/informatieobjecttypen/506544f0-fc28-4d94-995f-4e042d5bbd7a", "http://testtsjinstbus.sudwestfryslan.nl/zgw/catalogi/api/v1/informatieobjecttypen/9c1e9e3f-e00e-4351-b90c-e5ef3a407f2b", "http://testtsjinstbus.sudwestfryslan.nl/zgw/catalogi/api/v1/informatieobjecttypen/aadeac4e-49c0-43ba-9745-45c766620ec8", "http://testtsjinstbus.sudwestfryslan.nl/zgw/catalogi/api/v1/informatieobjecttypen/f952af7e-a153-4e04-a663-25374b794c14", "http://testtsjinstbus.sudwestfryslan.nl/zgw/catalogi/api/v1/informatieobjecttypen/53505272-876d-4ac7-a225-418608e0f621", "http://testtsjinstbus.sudwestfryslan.nl/zgw/catalogi/api/v1/informatieobjecttypen/c018becb-46c1-4b99-935d-cfd995c97b69", "http://testtsjinstbus.sudwestfryslan.nl/zgw/catalogi/api/v1/informatieobjecttypen/1fc434bb-082c-48dc-9732-b31cd84925fe", "http://testtsjinstbus.sudwestfryslan.nl/zgw/catalogi/api/v1/informatieobjecttypen/ee912a68-3414-4e59-bb72-82ce2cf72a2f", "http://testtsjinstbus.sudwestfryslan.nl/zgw/catalogi/api/v1/informatieobjecttypen/2851feb8-311c-4f12-a970-93e46a583846", "http://testtsjinstbus.sudwestfryslan.nl/zgw/catalogi/api/v1/informatieobjecttypen/0ec528e5-f849-4c94-996c-e79159f20e77", "http://testtsjinstbus.sudwestfryslan.nl/zgw/catalogi/api/v1/informatieobjecttypen/32e18d22-9161-4542-8231-e60b9faf776f", "http://testtsjinstbus.sudwestfryslan.nl/zgw/catalogi/api/v1/informatieobjecttypen/3c441dc1-736d-4b3c-8b09-47efc19177bf", "http://testtsjinstbus.sudwestfryslan.nl/zgw/catalogi/api/v1/informatieobjecttypen/5b73c30c-73b7-484b-a49d-144b3e64e415", "http://testtsjinstbus.sudwestfryslan.nl/zgw/catalogi/api/v1/informatieobjecttypen/86497af0-8a4d-4265-b28c-fa4db6f58c48", "http://testtsjinstbus.sudwestfryslan.nl/zgw/catalogi/api/v1/informatieobjecttypen/aa789771-19dd-462f-909b-7d88a9fb2821", "http://testtsjinstbus.sudwestfryslan.nl/zgw/catalogi/api/v1/informatieobjecttypen/9a3041f0-3f23-467c-a8d9-5a88d59c0d55", "http://testtsjinstbus.sudwestfryslan.nl/zgw/catalogi/api/v1/informatieobjecttypen/01b7d2a9-887c-43da-a68c-15df854983a5", "http://testtsjinstbus.sudwestfryslan.nl/zgw/catalogi/api/v1/informatieobjecttypen/10b3229e-db26-4cab-9121-2e60e3927ae0", "http://testtsjinstbus.sudwestfryslan.nl/zgw/catalogi/api/v1/informatieobjecttypen/c18569f4-cb03-4dc9-b761-31bacd167062", "http://testtsjinstbus.sudwestfryslan.nl/zgw/catalogi/api/v1/informatieobjecttypen/2e3cc9da-c801-427e-a8e2-215a69bfb641", "http://testtsjinstbus.sudwestfryslan.nl/zgw/catalogi/api/v1/informatieobjecttypen/d71df6c9-370e-480b-9421-6f2b193b864e", "http://testtsjinstbus.sudwestfryslan.nl/zgw/catalogi/api/v1/informatieobjecttypen/4efd99e1-de84-408f-bd1a-6eee6f751e41", "http://testtsjinstbus.sudwestfryslan.nl/zgw/catalogi/api/v1/informatieobjecttypen/38850158-24d5-4c04-a53c-e3512ef98e3f", "http://testtsjinstbus.sudwestfryslan.nl/zgw/catalogi/api/v1/informatieobjecttypen/02bf9411-0ecd-4f5d-b066-1e5fe096cdea", "http://testtsjinstbus.sudwestfryslan.nl/zgw/catalogi/api/v1/informatieobjecttypen/a585705d-391f-4dff-9655-d316df952fb5", "http://testtsjinstbus.sudwestfryslan.nl/zgw/catalogi/api/v1/informatieobjecttypen/e8238542-5850-4827-8326-f79780e5258f", "http://testtsjinstbus.sudwestfryslan.nl/zgw/catalogi/api/v1/informatieobjecttypen/c864c389-9940-4298-a029-6c881da49bd4", "http://testtsjinstbus.sudwestfryslan.nl/zgw/catalogi/api/v1/informatieobjecttypen/9af7c136-07d3-4d6a-9ef3-63d7107ba176", "http://testtsjinstbus.sudwestfryslan.nl/zgw/catalogi/api/v1/informatieobjecttypen/cddac42a-070f-4872-bbc3-9db464b0f1a8", "http://testtsjinstbus.sudwestfryslan.nl/zgw/catalogi/api/v1/informatieobjecttypen/80d7e35a-5404-4985-8dfb-6e512af2e2c6", "http://testtsjinstbus.sudwestfryslan.nl/zgw/catalogi/api/v1/informatieobjecttypen/8b70f52c-b07f-4eeb-a099-24a92132ed45", "http://testtsjinstbus.sudwestfryslan.nl/zgw/catalogi/api/v1/informatieobjecttypen/e284afab-643f-432e-a8b7-3bf75636ece3", "http://testtsjinstbus.sudwestfryslan.nl/zgw/catalogi/api/v1/informatieobjecttypen/5a7ec0da-a5bb-405d-8340-16303cdee7ec", "http://testtsjinstbus.sudwestfryslan.nl/zgw/catalogi/api/v1/informatieobjecttypen/d1130c4b-cea5-4a26-9956-1d3e37bed7d6", "http://testtsjinstbus.sudwestfryslan.nl/zgw/catalogi/api/v1/informatieobjecttypen/50bee77d-8e9f-4d40-a3e5-cede28f4cfe7", "http://testtsjinstbus.sudwestfryslan.nl/zgw/catalogi/api/v1/informatieobjecttypen/fe9a6813-e0a1-403f-bb0a-58ec21b0cf2f", "http://testtsjinstbus.sudwestfryslan.nl/zgw/catalogi/api/v1/informatieobjecttypen/f10735d4-8eb2-4f93-be9e-aecf5ad7dc75", "http://testtsjinstbus.sudwestfryslan.nl/zgw/catalogi/api/v1/informatieobjecttypen/07cbc640-3c05-4c56-ae1d-c8199d42418f", "http://testtsjinstbus.sudwestfryslan.nl/zgw/catalogi/api/v1/informatieobjecttypen/5e52d0a5-5dc3-42a7-9f95-f397c1bf4d59", "http://testtsjinstbus.sudwestfryslan.nl/zgw/catalogi/api/v1/informatieobjecttypen/f5d59d4a-9106-4a6a-b8e0-f3f68a5abafc", "http://testtsjinstbus.sudwestfryslan.nl/zgw/catalogi/api/v1/informatieobjecttypen/1e08bdb5-0243-48cf-8eea-26eb7e2e5e10", "http://testtsjinstbus.sudwestfryslan.nl/zgw/catalogi/api/v1/informatieobjecttypen/3d985ad0-39f1-4b46-b1af-6818cc17ca3f", "http://testtsjinstbus.sudwestfryslan.nl/zgw/catalogi/api/v1/informatieobjecttypen/505d37d0-78d8-4de2-807a-e81a8f0a2276", "http://testtsjinstbus.sudwestfryslan.nl/zgw/catalogi/api/v1/informatieobjecttypen/af05d3b2-506e-4bcf-ba92-8f427b5504e8", "http://testtsjinstbus.sudwestfryslan.nl/zgw/catalogi/api/v1/informatieobjecttypen/9f3541f7-4cd5-4855-ad20-e4475a009766", "http://testtsjinstbus.sudwestfryslan.nl/zgw/catalogi/api/v1/informatieobjecttypen/eab6b145-075f-4506-bd17-5dc4380c2e5a", "http://testtsjinstbus.sudwestfryslan.nl/zgw/catalogi/api/v1/informatieobjecttypen/85b424be-aeab-461b-9c19-1f90d7de7183", "http://testtsjinstbus.sudwestfryslan.nl/zgw/catalogi/api/v1/informatieobjecttypen/1a40e9c8-8e35-46a7-9aca-50e7f00de0ef", "http://testtsjinstbus.sudwestfryslan.nl/zgw/catalogi/api/v1/informatieobjecttypen/f272903a-749b-431e-b77e-a4d26e1fa866", "http://testtsjinstbus.sudwestfryslan.nl/zgw/catalogi/api/v1/informatieobjecttypen/ed1c4b53-a34d-4be8-bdd4-8493c245c624", "http://testtsjinstbus.sudwestfryslan.nl/zgw/catalogi/api/v1/informatieobjecttypen/f47673ea-cc1d-426d-9bc0-19340405dfa8", "http://testtsjinstbus.sudwestfryslan.nl/zgw/catalogi/api/v1/informatieobjecttypen/d8bbf39b-4aaa-48f7-a672-cc49569018fc", "http://testtsjinstbus.sudwestfryslan.nl/zgw/catalogi/api/v1/informatieobjecttypen/80984c54-59bc-44f7-a317-6236f1b7ee51", "http://testtsjinstbus.sudwestfryslan.nl/zgw/catalogi/api/v1/informatieobjecttypen/b2a24907-7e4a-4a84-b93a-68f699e4bbe7", "http://testtsjinstbus.sudwestfryslan.nl/zgw/catalogi/api/v1/informatieobjecttypen/5fb188c6-4751-4427-a037-f10e4db44bb7", "http://testtsjinstbus.sudwestfryslan.nl/zgw/catalogi/api/v1/informatieobjecttypen/3fc8b27b-a11b-4f4a-b6d6-e1b1da18deac", "http://testtsjinstbus.sudwestfryslan.nl/zgw/catalogi/api/v1/informatieobjecttypen/ee514c19-7674-4042-9094-6d3e2444f6c4", "http://testtsjinstbus.sudwestfryslan.nl/zgw/catalogi/api/v1/informatieobjecttypen/47c33e8c-00ba-4c5d-bb0b-e61067d47562", "http://testtsjinstbus.sudwestfryslan.nl/zgw/catalogi/api/v1/informatieobjecttypen/3164e076-53b3-4184-984b-06f611729afe", "http://testtsjinstbus.sudwestfryslan.nl/zgw/catalogi/api/v1/informatieobjecttypen/bc3dac2a-211c-427e-bfc7-49a36c5f6475", "http://testtsjinstbus.sudwestfryslan.nl/zgw/catalogi/api/v1/informatieobjecttypen/e3d22c13-9314-45ac-8681-b344b1e20ad7", "http://testtsjinstbus.sudwestfryslan.nl/zgw/catalogi/api/v1/informatieobjecttypen/55528f15-f76d-4a7e-8bd9-bb47fd266cf5", "http://testtsjinstbus.sudwestfryslan.nl/zgw/catalogi/api/v1/informatieobjecttypen/fef00030-6820-43a2-a207-99f68acdefd7", "http://testtsjinstbus.sudwestfryslan.nl/zgw/catalogi/api/v1/informatieobjecttypen/2f77c608-a506-48cc-9279-738ec47e9ad2", "http://testtsjinstbus.sudwestfryslan.nl/zgw/catalogi/api/v1/informatieobjecttypen/e1650438-0cb1-4d43-9d07-7fb5e91d92f4", "http://testtsjinstbus.sudwestfryslan.nl/zgw/catalogi/api/v1/informatieobjecttypen/60cc903e-7324-4a82-a83c-86b3ce480bb3", "http://testtsjinstbus.sudwestfryslan.nl/zgw/catalogi/api/v1/informatieobjecttypen/ad65a8a3-deca-457f-95c9-d2d340921501", "http://testtsjinstbus.sudwestfryslan.nl/zgw/catalogi/api/v1/informatieobjecttypen/97effb42-7133-460c-9226-43b97242110c", "http://testtsjinstbus.sudwestfryslan.nl/zgw/catalogi/api/v1/informatieobjecttypen/1180ea99-863a-41e2-ad67-2ed0a7e37262", "http://testtsjinstbus.sudwestfryslan.nl/zgw/catalogi/api/v1/informatieobjecttypen/beae7691-acdf-4dab-91c4-908663078aba", "http://testtsjinstbus.sudwestfryslan.nl/zgw/catalogi/api/v1/informatieobjecttypen/468b3620-cbd7-46d6-a31a-d7622e35c3a6", "http://testtsjinstbus.sudwestfryslan.nl/zgw/catalogi/api/v1/informatieobjecttypen/9322194a-a84e-4ab8-93c1-408db858c961", "http://testtsjinstbus.sudwestfryslan.nl/zgw/catalogi/api/v1/informatieobjecttypen/db775148-5226-4ecd-a5e9-a694b0c8a439", "http://testtsjinstbus.sudwestfryslan.nl/zgw/catalogi/api/v1/informatieobjecttypen/4acb4268-05a0-4898-8001-7fc9e18dd5d7", "http://testtsjinstbus.sudwestfryslan.nl/zgw/catalogi/api/v1/informatieobjecttypen/13086475-fbc0-4277-80c3-446eebb212c5", "http://testtsjinstbus.sudwestfryslan.nl/zgw/catalogi/api/v1/informatieobjecttypen/279b4569-95e5-4bb6-b052-1195346dc9a4", "http://testtsjinstbus.sudwestfryslan.nl/zgw/catalogi/api/v1/informatieobjecttypen/8841f0c8-0490-4bc1-a3c1-9a8f06a21bf8", "http://testtsjinstbus.sudwestfryslan.nl/zgw/catalogi/api/v1/informatieobjecttypen/62f4f222-d19c-4cba-9b9e-e0f512dbc232", "http://testtsjinstbus.sudwestfryslan.nl/zgw/catalogi/api/v1/informatieobjecttypen/4a2a4d95-90f1-47fe-b047-3bbb2c9a84bb", "http://testtsjinstbus.sudwestfryslan.nl/zgw/catalogi/api/v1/informatieobjecttypen/a47f58c9-5aa3-4e75-9a8a-b73b654e584b", "http://testtsjinstbus.sudwestfryslan.nl/zgw/catalogi/api/v1/informatieobjecttypen/d9cd16ce-3166-4dcb-ae95-18e818a3f7a8", "http://testtsjinstbus.sudwestfryslan.nl/zgw/catalogi/api/v1/informatieobjecttypen/224c9367-40c6-457c-93e9-ff2d6553d5d1", "http://testtsjinstbus.sudwestfryslan.nl/zgw/catalogi/api/v1/informatieobjecttypen/a8afe321-cc36-4866-a522-b6d107161dc9", "http://testtsjinstbus.sudwestfryslan.nl/zgw/catalogi/api/v1/informatieobjecttypen/51499563-f9ad-4477-be44-561971cedc2d", "http://testtsjinstbus.sudwestfryslan.nl/zgw/catalogi/api/v1/informatieobjecttypen/519815ae-5df4-4975-b283-4d3f634e0f45", "http://testtsjinstbus.sudwestfryslan.nl/zgw/catalogi/api/v1/informatieobjecttypen/e44a8a6c-3537-4dc2-a786-0fdfe482376a", "http://testtsjinstbus.sudwestfryslan.nl/zgw/catalogi/api/v1/informatieobjecttypen/f5881395-9ea6-4160-b08a-c6e825416ce5", "http://testtsjinstbus.sudwestfryslan.nl/zgw/catalogi/api/v1/informatieobjecttypen/e9403b50-a096-4e4e-b24c-d8b7a7686dc4", "http://testtsjinstbus.sudwestfryslan.nl/zgw/catalogi/api/v1/informatieobjecttypen/b2378074-91bc-427b-a64c-33e595cbdf3b", "http://testtsjinstbus.sudwestfryslan.nl/zgw/catalogi/api/v1/informatieobjecttypen/db75ed94-513f-4163-86a9-68282ff28ee2", "http://testtsjinstbus.sudwestfryslan.nl/zgw/catalogi/api/v1/informatieobjecttypen/1b5527e4-4a14-4fef-beee-5705fb39a4a1", "http://testtsjinstbus.sudwestfryslan.nl/zgw/catalogi/api/v1/informatieobjecttypen/4999fe28-9003-424d-9212-3cf3aeecb194", "http://testtsjinstbus.sudwestfryslan.nl/zgw/catalogi/api/v1/informatieobjecttypen/1f83990c-19c6-45aa-bcbe-4ffe5e7739fc", "http://testtsjinstbus.sudwestfryslan.nl/zgw/catalogi/api/v1/informatieobjecttypen/6f8ba443-1f46-405b-8cc4-ea23484ee4c2", "http://testtsjinstbus.sudwestfryslan.nl/zgw/catalogi/api/v1/informatieobjecttypen/2fcc99b4-ac0b-490a-9a95-d148b017503d", "http://testtsjinstbus.sudwestfryslan.nl/zgw/catalogi/api/v1/informatieobjecttypen/53641a2a-57a7-4a1f-baf0-3df0b428bf60", "http://testtsjinstbus.sudwestfryslan.nl/zgw/catalogi/api/v1/informatieobjecttypen/61a15aa3-7316-4b25-bc9c-1f5945eaaea7", "http://testtsjinstbus.sudwestfryslan.nl/zgw/catalogi/api/v1/informatieobjecttypen/f20bcd65-a093-4c94-adb8-9f53b332bc29", "http://testtsjinstbus.sudwestfryslan.nl/zgw/catalogi/api/v1/informatieobjecttypen/786b2dfd-dfac-4553-b5de-b305a49dfb3e", "http://testtsjinstbus.sudwestfryslan.nl/zgw/catalogi/api/v1/informatieobjecttypen/2833f2e5-78f4-4005-80f0-296e1ad03735", "http://testtsjinstbus.sudwestfryslan.nl/zgw/catalogi/api/v1/informatieobjecttypen/8907a401-2d96-469b-bfea-f9d22ed40570", "http://testtsjinstbus.sudwestfryslan.nl/zgw/catalogi/api/v1/informatieobjecttypen/375d2f54-79bd-4324-85e1-0ea9cffee1d3", "http://testtsjinstbus.sudwestfryslan.nl/zgw/catalogi/api/v1/informatieobjecttypen/e7c555cc-1940-46e9-b5f2-e8e97e24a919", "http://testtsjinstbus.sudwestfryslan.nl/zgw/catalogi/api/v1/informatieobjecttypen/ae28251e-55fe-450e-98e3-637899f5a0d7", "http://testtsjinstbus.sudwestfryslan.nl/zgw/catalogi/api/v1/informatieobjecttypen/727c2259-7a27-4e7f-b6ac-96f4ed5b941e", "http://testtsjinstbus.sudwestfryslan.nl/zgw/catalogi/api/v1/informatieobjecttypen/7ad4b9de-4a25-44e4-9bea-e1c47fd825e1", "http://testtsjinstbus.sudwestfryslan.nl/zgw/catalogi/api/v1/informatieobjecttypen/07da2fc8-2397-45ce-8c61-e61d3441def2", "http://testtsjinstbus.sudwestfryslan.nl/zgw/catalogi/api/v1/informatieobjecttypen/228d1d1d-7989-45be-bad1-5fc4c97e880f", "http://testtsjinstbus.sudwestfryslan.nl/zgw/catalogi/api/v1/informatieobjecttypen/aa239e74-d578-4ae3-a0ef-ced0a267dc1f", "http://testtsjinstbus.sudwestfryslan.nl/zgw/catalogi/api/v1/informatieobjecttypen/2ba57b47-cd1f-4fdd-9c24-37c80f674976", "http://testtsjinstbus.sudwestfryslan.nl/zgw/catalogi/api/v1/informatieobjecttypen/6094cf1f-b4c1-432a-b918-6188fab34cfb", "http://testtsjinstbus.sudwestfryslan.nl/zgw/catalogi/api/v1/informatieobjecttypen/38758825-e4e1-4f9b-9227-e38316ac551f", "http://testtsjinstbus.sudwestfryslan.nl/zgw/catalogi/api/v1/informatieobjecttypen/c7f493fe-93c3-4a17-9d8c-346516f7ab24", "http://testtsjinstbus.sudwestfryslan.nl/zgw/catalogi/api/v1/informatieobjecttypen/07fee60c-6333-499f-b1e6-476b65ccb9cd", "http://testtsjinstbus.sudwestfryslan.nl/zgw/catalogi/api/v1/informatieobjecttypen/f789e10a-672e-45e9-a32f-5cdf10ab2e90", "http://testtsjinstbus.sudwestfryslan.nl/zgw/catalogi/api/v1/informatieobjecttypen/25b5f1ba-e5d1-4795-b6eb-f6ed43bc315a", "http://testtsjinstbus.sudwestfryslan.nl/zgw/catalogi/api/v1/informatieobjecttypen/af909cc4-92b7-4955-90bc-6286119a9ab5", "http://testtsjinstbus.sudwestfryslan.nl/zgw/catalogi/api/v1/informatieobjecttypen/01e68889-789c-4e76-ae70-9cd510635dca", "http://testtsjinstbus.sudwestfryslan.nl/zgw/catalogi/api/v1/informatieobjecttypen/3704bc7b-4e1b-4c2d-9849-7527af83affb", "http://testtsjinstbus.sudwestfryslan.nl/zgw/catalogi/api/v1/informatieobjecttypen/29f8710c-435c-43db-9c93-d907b6183f2c", "http://testtsjinstbus.sudwestfryslan.nl/zgw/catalogi/api/v1/informatieobjecttypen/5e329990-562c-4239-b81e-80aea567af59", "http://testtsjinstbus.sudwestfryslan.nl/zgw/catalogi/api/v1/informatieobjecttypen/48d660ee-e5e3-4c40-b21b-6ba479d5f623", "http://testtsjinstbus.sudwestfryslan.nl/zgw/catalogi/api/v1/informatieobjecttypen/c5a48648-aec2-4194-acba-8c39020845f1", "http://testtsjinstbus.sudwestfryslan.nl/zgw/catalogi/api/v1/informatieobjecttypen/92ceb238-34aa-4633-b694-58b64b323dd9", "http://testtsjinstbus.sudwestfryslan.nl/zgw/catalogi/api/v1/informatieobjecttypen/f7add76d-5eb2-4f6d-a4cc-178b8fe96b8d", "http://testtsjinstbus.sudwestfryslan.nl/zgw/catalogi/api/v1/informatieobjecttypen/54b0a1a9-84d9-4333-bcc8-caba30f3694d", "http://testtsjinstbus.sudwestfryslan.nl/zgw/catalogi/api/v1/informatieobjecttypen/19a009f0-eb27-4f76-8614-78435689da7f", "http://testtsjinstbus.sudwestfryslan.nl/zgw/catalogi/api/v1/informatieobjecttypen/99cb82bb-34bf-4214-9d90-96f8f0aee0d8", "http://testtsjinstbus.sudwestfryslan.nl/zgw/catalogi/api/v1/informatieobjecttypen/4fb595e3-ea02-4731-a367-bd53db35c1a2", "http://testtsjinstbus.sudwestfryslan.nl/zgw/catalogi/api/v1/informatieobjecttypen/a535e9a3-52bf-4004-b733-07500ca063b7", "http://testtsjinstbus.sudwestfryslan.nl/zgw/catalogi/api/v1/informatieobjecttypen/a9817841-275a-4dbf-8059-c4d492d00545", "http://testtsjinstbus.sudwestfryslan.nl/zgw/catalogi/api/v1/informatieobjecttypen/2a09e59d-70d8-415a-8194-f40f86e392af", "http://testtsjinstbus.sudwestfryslan.nl/zgw/catalogi/api/v1/informatieobjecttypen/43107a94-fa00-4d26-8471-ed97ff4791ee", "http://testtsjinstbus.sudwestfryslan.nl/zgw/catalogi/api/v1/informatieobjecttypen/d5c60236-e7ea-491f-9049-0ac6384cfc0d", "http://testtsjinstbus.sudwestfryslan.nl/zgw/catalogi/api/v1/informatieobjecttypen/75e3b874-ad04-4018-b5f8-e91fc05714ae", "http://testtsjinstbus.sudwestfryslan.nl/zgw/catalogi/api/v1/informatieobjecttypen/c98544fe-5af0-4fdb-a5da-5ac52bff1a4d", "http://testtsjinstbus.sudwestfryslan.nl/zgw/catalogi/api/v1/informatieobjecttypen/40fbce93-0e44-4a9a-a9b5-5834588bf339", "http://testtsjinstbus.sudwestfryslan.nl/zgw/catalogi/api/v1/informatieobjecttypen/a8fbd0a6-8763-4866-8fba-a2f1c895db68", "http://testtsjinstbus.sudwestfryslan.nl/zgw/catalogi/api/v1/informatieobjecttypen/fee45ca2-c52c-4e72-849c-ced87d66c334", "http://testtsjinstbus.sudwestfryslan.nl/zgw/catalogi/api/v1/informatieobjecttypen/3c57184b-da3b-4d1f-83d0-29fcc13eb314", "http://testtsjinstbus.sudwestfryslan.nl/zgw/catalogi/api/v1/informatieobjecttypen/92d703ed-1128-4e1e-8459-6ff8f970c790", "http://testtsjinstbus.sudwestfryslan.nl/zgw/catalogi/api/v1/informatieobjecttypen/12e04662-ac26-4d7f-9ca0-d587b66233f3", "http://testtsjinstbus.sudwestfryslan.nl/zgw/catalogi/api/v1/informatieobjecttypen/490c09e7-15f1-49cd-a684-1d0cdca8e68a", "http://testtsjinstbus.sudwestfryslan.nl/zgw/catalogi/api/v1/informatieobjecttypen/ca1663fc-555d-418c-aa0a-5567de9370dc", "http://testtsjinstbus.sudwestfryslan.nl/zgw/catalogi/api/v1/informatieobjecttypen/6554ec65-9675-4bdf-8da4-66841ad9c1b7", "http://testtsjinstbus.sudwestfryslan.nl/zgw/catalogi/api/v1/informatieobjecttypen/03a24885-887d-44e4-953b-6604b967fa7e", "http://testtsjinstbus.sudwestfryslan.nl/zgw/catalogi/api/v1/informatieobjecttypen/576a518c-d5ae-49c5-992e-f1a61695cb7a", "http://testtsjinstbus.sudwestfryslan.nl/zgw/catalogi/api/v1/informatieobjecttypen/6c8cf362-1132-4152-ae2f-b24d8013a740", "http://testtsjinstbus.sudwestfryslan.nl/zgw/catalogi/api/v1/informatieobjecttypen/c4896641-f0ac-43a6-bb3e-508cd6aa0d5a", "http://testtsjinstbus.sudwestfryslan.nl/zgw/catalogi/api/v1/informatieobjecttypen/6b3978aa-e569-48d2-adca-72d813136065", "http://testtsjinstbus.sudwestfryslan.nl/zgw/catalogi/api/v1/informatieobjecttypen/0e57b443-4ddb-4803-a9e1-19b5d000f04c", "http://testtsjinstbus.sudwestfryslan.nl/zgw/catalogi/api/v1/informatieobjecttypen/774ea4d9-ac36-414e-98b3-ad4850d60b64", "http://testtsjinstbus.sudwestfryslan.nl/zgw/catalogi/api/v1/informatieobjecttypen/973c7da0-ed0c-4166-bd65-b8083ff78013", "http://testtsjinstbus.sudwestfryslan.nl/zgw/catalogi/api/v1/informatieobjecttypen/15a4a530-7c00-4e18-a5d1-53042f92e86e", "http://testtsjinstbus.sudwestfryslan.nl/zgw/catalogi/api/v1/informatieobjecttypen/b0000c07-9b94-404a-8e30-6be824f0401f", "http://testtsjinstbus.sudwestfryslan.nl/zgw/catalogi/api/v1/informatieobjecttypen/fb338d6b-3681-4683-8600-0c80738d93ec", "http://testtsjinstbus.sudwestfryslan.nl/zgw/catalogi/api/v1/informatieobjecttypen/4d01b758-24a4-44ff-9a1d-51bc0c652965", "http://testtsjinstbus.sudwestfryslan.nl/zgw/catalogi/api/v1/informatieobjecttypen/3596c80b-8508-4b26-ab25-7fb137e13199", "http://testtsjinstbus.sudwestfryslan.nl/zgw/catalogi/api/v1/informatieobjecttypen/b7c9902e-fb1c-467e-874d-8c599ffcd1ca", "http://testtsjinstbus.sudwestfryslan.nl/zgw/catalogi/api/v1/informatieobjecttypen/331bb074-2131-4ee8-b8aa-429547d411e8", "http://testtsjinstbus.sudwestfryslan.nl/zgw/catalogi/api/v1/informatieobjecttypen/87cb5f59-7a1f-4c88-b140-1807e2222a16", "http://testtsjinstbus.sudwestfryslan.nl/zgw/catalogi/api/v1/informatieobjecttypen/75e92e44-3c2b-444a-8620-ce043169562e", "http://testtsjinstbus.sudwestfryslan.nl/zgw/catalogi/api/v1/informatieobjecttypen/97175eb7-dc68-4084-88aa-25b4a9f110cb", "http://testtsjinstbus.sudwestfryslan.nl/zgw/catalogi/api/v1/informatieobjecttypen/e72c9ecf-0a17-49c7-ae2a-64262d7decc5", "http://testtsjinstbus.sudwestfryslan.nl/zgw/catalogi/api/v1/informatieobjecttypen/2d1c25a0-b29d-4266-acb5-14a4090dcfcf", "http://testtsjinstbus.sudwestfryslan.nl/zgw/catalogi/api/v1/informatieobjecttypen/499f1973-4ea5-4344-a194-0dea2eb65164", "http://testtsjinstbus.sudwestfryslan.nl/zgw/catalogi/api/v1/informatieobjecttypen/f0a0b366-5c6c-4edd-89dc-b3b2872ca191", "http://testtsjinstbus.sudwestfryslan.nl/zgw/catalogi/api/v1/informatieobjecttypen/232d9c53-cbc5-4335-8ff0-728cbb28a905", "http://testtsjinstbus.sudwestfryslan.nl/zgw/catalogi/api/v1/informatieobjecttypen/35f01fd6-8a9d-4f9d-9183-3cb10e2470c1", "http://testtsjinstbus.sudwestfryslan.nl/zgw/catalogi/api/v1/informatieobjecttypen/7676de37-d119-4d61-afd2-f83730a8b5e3", "http://testtsjinstbus.sudwestfryslan.nl/zgw/catalogi/api/v1/informatieobjecttypen/5deba8ef-2462-41b3-b416-51b1582941e0", "http://testtsjinstbus.sudwestfryslan.nl/zgw/catalogi/api/v1/informatieobjecttypen/d5cebfb2-f833-406e-8053-8c7f7bab6dda", "http://testtsjinstbus.sudwestfryslan.nl/zgw/catalogi/api/v1/informatieobjecttypen/bc300191-b6d5-4279-b24a-3ba416972a0d", "http://testtsjinstbus.sudwestfryslan.nl/zgw/catalogi/api/v1/informatieobjecttypen/e398abfc-8035-4fc4-863e-3caa34cd31ed", "http://testtsjinstbus.sudwestfryslan.nl/zgw/catalogi/api/v1/informatieobjecttypen/abe1f090-1bba-41bf-8893-d37d465740a1", "http://testtsjinstbus.sudwestfryslan.nl/zgw/catalogi/api/v1/informatieobjecttypen/96e09918-197c-4b41-8aae-ff8acad9a495", "http://testtsjinstbus.sudwestfryslan.nl/zgw/catalogi/api/v1/informatieobjecttypen/5167d6f1-5256-4d88-aefc-c133795b5e6d", "http://testtsjinstbus.sudwestfryslan.nl/zgw/catalogi/api/v1/informatieobjecttypen/f3504c57-b71e-4d08-afcb-1cb3b76601f5", "http://testtsjinstbus.sudwestfryslan.nl/zgw/catalogi/api/v1/informatieobjecttypen/03a544ea-0dc1-4325-a1b8-9ce41a5a926d", "http://testtsjinstbus.sudwestfryslan.nl/zgw/catalogi/api/v1/informatieobjecttypen/251f45a1-021e-4eea-b89e-80c178bfbde4", "http://testtsjinstbus.sudwestfryslan.nl/zgw/catalogi/api/v1/informatieobjecttypen/4fc3f217-a8a8-4726-b16b-d28d5a4062b7", "http://testtsjinstbus.sudwestfryslan.nl/zgw/catalogi/api/v1/informatieobjecttypen/51e13a48-e74f-4035-981e-650254ef13d4", "http://testtsjinstbus.sudwestfryslan.nl/zgw/catalogi/api/v1/informatieobjecttypen/13eb130c-9977-4edb-b7fa-c74822b65f59", "http://testtsjinstbus.sudwestfryslan.nl/zgw/catalogi/api/v1/informatieobjecttypen/42396a02-2cfc-42e8-ae27-eb5af2649b3e", "http://testtsjinstbus.sudwestfryslan.nl/zgw/catalogi/api/v1/informatieobjecttypen/daa52009-bda8-46d7-b813-fa7ffa90de01", "http://testtsjinstbus.sudwestfryslan.nl/zgw/catalogi/api/v1/informatieobjecttypen/cd4e453f-5f89-4df0-8cff-fc57e313f7d7", "http://testtsjinstbus.sudwestfryslan.nl/zgw/catalogi/api/v1/informatieobjecttypen/f12e3200-16a3-4353-9b5f-92042e4c0e1a", "http://testtsjinstbus.sudwestfryslan.nl/zgw/catalogi/api/v1/informatieobjecttypen/c1bfbed5-58fe-4b13-ad08-704cfdc5f975", "http://testtsjinstbus.sudwestfryslan.nl/zgw/catalogi/api/v1/informatieobjecttypen/2b81b807-27dc-47b7-879d-b4a83c729a48", "http://testtsjinstbus.sudwestfryslan.nl/zgw/catalogi/api/v1/informatieobjecttypen/ccfca50a-17a1-4e89-8935-455df32a2349", "http://testtsjinstbus.sudwestfryslan.nl/zgw/catalogi/api/v1/informatieobjecttypen/da1179f8-107d-4afa-aad7-577031277c49", "http://testtsjinstbus.sudwestfryslan.nl/zgw/catalogi/api/v1/informatieobjecttypen/6b1401e0-4a8f-40c0-9325-93248a25bf9e", "http://testtsjinstbus.sudwestfryslan.nl/zgw/catalogi/api/v1/informatieobjecttypen/ec0e644b-b81e-4595-8cee-980c9fe1dfd4", "http://testtsjinstbus.sudwestfryslan.nl/zgw/catalogi/api/v1/informatieobjecttypen/7e2059b1-9d0b-41c7-9f00-ab1a29bea8f0", "http://testtsjinstbus.sudwestfryslan.nl/zgw/catalogi/api/v1/informatieobjecttypen/b4ee5dd2-80b8-4d18-b2be-fe01fc3dac16", "http://testtsjinstbus.sudwestfryslan.nl/zgw/catalogi/api/v1/informatieobjecttypen/24829b7e-c967-4ce0-938b-7f1af3006467", "http://testtsjinstbus.sudwestfryslan.nl/zgw/catalogi/api/v1/informatieobjecttypen/c9cebe8e-53b7-4244-8bbe-bf7231c53bfe", "http://testtsjinstbus.sudwestfryslan.nl/zgw/catalogi/api/v1/informatieobjecttypen/68e6cae9-eaaa-4c4e-9b5b-f1b5061d6a70", "http://testtsjinstbus.sudwestfryslan.nl/zgw/catalogi/api/v1/informatieobjecttypen/18dd1434-936a-4005-9cbb-7006ce88cf4d", "http://testtsjinstbus.sudwestfryslan.nl/zgw/catalogi/api/v1/informatieobjecttypen/54cc9387-e7f7-4115-83a9-577a826e0487", "http://testtsjinstbus.sudwestfryslan.nl/zgw/catalogi/api/v1/informatieobjecttypen/7ac52e67-6e88-4842-972c-5a95aaa4e6ac", "http://testtsjinstbus.sudwestfryslan.nl/zgw/catalogi/api/v1/informatieobjecttypen/f211e854-20b0-4b28-9033-fa47111abf4b", "http://testtsjinstbus.sudwestfryslan.nl/zgw/catalogi/api/v1/informatieobjecttypen/e06e0df9-672b-4c2b-8074-b4011ee7c025", "http://testtsjinstbus.sudwestfryslan.nl/zgw/catalogi/api/v1/informatieobjecttypen/dd720bfc-cff7-49e9-85c7-f1d962ecf429", "http://testtsjinstbus.sudwestfryslan.nl/zgw/catalogi/api/v1/informatieobjecttypen/f0c364a6-3ffc-4d01-9cdc-e9b424550024", "http://testtsjinstbus.sudwestfryslan.nl/zgw/catalogi/api/v1/informatieobjecttypen/7cf1a309-0a8e-4a63-882d-6000cb16ee92", "http://testtsjinstbus.sudwestfryslan.nl/zgw/catalogi/api/v1/informatieobjecttypen/52b5c11d-7cad-404d-93a1-ae244bb0256b", "http://testtsjinstbus.sudwestfryslan.nl/zgw/catalogi/api/v1/informatieobjecttypen/bd03f7ee-1812-4ebc-be58-83fe29aab97e", "http://testtsjinstbus.sudwestfryslan.nl/zgw/catalogi/api/v1/informatieobjecttypen/10c35adb-003f-4665-8c57-f79d5aae79a3", "http://testtsjinstbus.sudwestfryslan.nl/zgw/catalogi/api/v1/informatieobjecttypen/a61be00e-4319-4289-8b53-9086b3fb0a24", "http://testtsjinstbus.sudwestfryslan.nl/zgw/catalogi/api/v1/informatieobjecttypen/bddf45d5-d7df-4484-be72-eba01c42acce", "http://testtsjinstbus.sudwestfryslan.nl/zgw/catalogi/api/v1/informatieobjecttypen/3ec08771-658e-4154-af47-47c247430ead", "http://testtsjinstbus.sudwestfryslan.nl/zgw/catalogi/api/v1/informatieobjecttypen/1ad6a599-5750-4e6d-babd-53d82e591ddb", "http://testtsjinstbus.sudwestfryslan.nl/zgw/catalogi/api/v1/informatieobjecttypen/c54315dd-caef-4972-9fb0-e3ae4c131984", "http://testtsjinstbus.sudwestfryslan.nl/zgw/catalogi/api/v1/informatieobjecttypen/d710de67-4eb1-46dd-a4e4-d708c6f6afa9", "http://testtsjinstbus.sudwestfryslan.nl/zgw/catalogi/api/v1/informatieobjecttypen/88dea87e-60c0-4673-9e6d-b64d3fd8ed0d", "http://testtsjinstbus.sudwestfryslan.nl/zgw/catalogi/api/v1/informatieobjecttypen/201603a2-6a57-43d4-b428-972abc220c31", "http://testtsjinstbus.sudwestfryslan.nl/zgw/catalogi/api/v1/informatieobjecttypen/f66ad3ed-7a1d-4cf7-8167-455b445c502a", "http://testtsjinstbus.sudwestfryslan.nl/zgw/catalogi/api/v1/informatieobjecttypen/55ec981c-f275-465d-adee-1cd35f5f5a0a", "http://testtsjinstbus.sudwestfryslan.nl/zgw/catalogi/api/v1/informatieobjecttypen/3e2defeb-0b1c-4056-bc40-ac58ff8d33a1", "http://testtsjinstbus.sudwestfryslan.nl/zgw/catalogi/api/v1/informatieobjecttypen/7e7fb182-8c01-4003-ad73-7d3e8e8b8d95", "http://testtsjinstbus.sudwestfryslan.nl/zgw/catalogi/api/v1/informatieobjecttypen/26c0251d-df53-41fe-b8fd-3837f4d94928", "http://testtsjinstbus.sudwestfryslan.nl/zgw/catalogi/api/v1/informatieobjecttypen/cf327c7d-170f-4d99-a509-5ee857d400cc", "http://testtsjinstbus.sudwestfryslan.nl/zgw/catalogi/api/v1/informatieobjecttypen/d7e28b38-5e32-4e69-ab0a-cdc3ce08b6a0", "http://testtsjinstbus.sudwestfryslan.nl/zgw/catalogi/api/v1/informatieobjecttypen/16feb573-d7df-4f00-b6ad-77b3c4549210", "http://testtsjinstbus.sudwestfryslan.nl/zgw/catalogi/api/v1/informatieobjecttypen/5b614ee8-4127-4e7a-b9e2-8e34046b9ec1", "http://testtsjinstbus.sudwestfryslan.nl/zgw/catalogi/api/v1/informatieobjecttypen/59ce9fcb-8c1d-4051-b50d-ae8575a522ac", "http://testtsjinstbus.sudwestfryslan.nl/zgw/catalogi/api/v1/informatieobjecttypen/4b0f27bb-43d2-4ef0-9a7a-c57c37e491ba", "http://testtsjinstbus.sudwestfryslan.nl/zgw/catalogi/api/v1/informatieobjecttypen/09497aa2-eec6-4a87-9c04-bb7a47d9adbf", "http://testtsjinstbus.sudwestfryslan.nl/zgw/catalogi/api/v1/informatieobjecttypen/e89d028d-1baa-4c35-9392-ed6e4aa05fd2", "http://testtsjinstbus.sudwestfryslan.nl/zgw/catalogi/api/v1/informatieobjecttypen/1bac4afa-66ba-4c2d-8581-b93fdb5e22d1", "http://testtsjinstbus.sudwestfryslan.nl/zgw/catalogi/api/v1/informatieobjecttypen/065018c0-3c81-4e84-8954-b9985830aa2c", "http://testtsjinstbus.sudwestfryslan.nl/zgw/catalogi/api/v1/informatieobjecttypen/d03ee536-6fa9-4451-bbe7-c07aa01bf035", "http://testtsjinstbus.sudwestfryslan.nl/zgw/catalogi/api/v1/informatieobjecttypen/6db96a6e-7b6d-495a-abce-b9e8f8d848fc", "http://testtsjinstbus.sudwestfryslan.nl/zgw/catalogi/api/v1/informatieobjecttypen/4988ef8e-b1b6-4d38-8cf9-39d58b9c20b4", "http://testtsjinstbus.sudwestfryslan.nl/zgw/catalogi/api/v1/informatieobjecttypen/b169562c-1335-4313-b6cd-cba72976a964", "http://testtsjinstbus.sudwestfryslan.nl/zgw/catalogi/api/v1/informatieobjecttypen/4d556f64-e0a5-4b5e-bf8f-d3df6d3701d3", "http://testtsjinstbus.sudwestfryslan.nl/zgw/catalogi/api/v1/informatieobjecttypen/9db0cb16-7005-4bf9-be7e-7b19de7013c9", "http://testtsjinstbus.sudwestfryslan.nl/zgw/catalogi/api/v1/informatieobjecttypen/0629aabd-4f56-467e-8308-32d335944345", "http://testtsjinstbus.sudwestfryslan.nl/zgw/catalogi/api/v1/informatieobjecttypen/04e9b73b-831f-4e2b-bbcd-86c351305484", "http://testtsjinstbus.sudwestfryslan.nl/zgw/catalogi/api/v1/informatieobjecttypen/ce2ad075-9818-4d97-8272-070ce0f4af22", "http://testtsjinstbus.sudwestfryslan.nl/zgw/catalogi/api/v1/informatieobjecttypen/012500e1-e1e6-4612-9e7f-b5038afc72e9"]}]