[{"url": "http://test.openzaak.nl/catalogi/api/v1/informatieobjecttypen/c17964df-8777-4a13-8913-31a9bb37726a", "catalogus": "http://test.openzaak.nl/catalogi/api/v1/catalogussen/683fd65a-7aeb-464f-b872-02cd3f8a5ae7", "omschrijving": "Brief", "vertrouwelijkheidaanduiding": "intern", "begin_geldigheid": "2021-03-29", "einde_geldigheid": null, "concept": false}, {"url": "http://test.openzaak.nl/catalogi/api/v1/informatieobjecttypen/d10b3a2d-a7f9-45b5-9010-51ab58f3ac4e", "catalogus": "http://test.openzaak.nl/catalogi/api/v1/catalogussen/683fd65a-7aeb-464f-b872-02cd3f8a5ae7", "omschrijving": "Bijlage bij melding", "vertrouwelijkheidaanduiding": "zaakvertrouwelijk", "begin_geldigheid": "2021-08-05", "einde_geldigheid": null, "concept": false}]