[{"url": "http://test.openzaak.nl/catalogi/api/v1/resultaattypen/48d40a6d-232d-4125-96fb-63002b644cd9", "zaaktype": "http://test.openzaak.nl/catalogi/api/v1/zaaktypen/0ca6b0b2-3394-4881-bada-6e8a68ec910e", "omschrijving": "Afgebroken", "resultaattypeomschrijving": "https://selectielijst.openzaak.nl/api/v1/resultaattypeomschrijvingen/ce8cf476-0b59-496f-8eee-957a7c6e2506", "omschrijving_generiek": "Afgebroken", "selectielijstklasse": "https://selectielijst.openzaak.nl/api/v1/resultaten/450c6aba-625e-4539-a1c3-3d71477113c7", "toelichting": "", "archiefnominatie": "vernietigen", "archiefactietermijn": "P1Y", "brondatum_archiefprocedure": {"afleidingswijze": "afgehandeld", "datumkenmerk": "", "einddatum_bekend": false, "objecttype": "", "registratie": "", "procestermijn": null}}, {"url": "http://test.openzaak.nl/catalogi/api/v1/resultaattypen/f13628f2-5dc1-4851-95fa-e288bd524f04", "zaaktype": "http://test.openzaak.nl/catalogi/api/v1/zaaktypen/0ca6b0b2-3394-4881-bada-6e8a68ec910e", "omschrijving": "Uitgevoerd", "resultaattypeomschrijving": "https://selectielijst.openzaak.nl/api/v1/resultaattypeomschrijvingen/f33dbd16-68ae-4820-acb5-5f437bca5edb", "omschrijving_generiek": "Verwerkt", "selectielijstklasse": "https://selectielijst.openzaak.nl/api/v1/resultaten/d52e6e2c-9a7a-403c-9b01-3e5ef1b052c9", "toelichting": "", "archiefnominatie": "vernietigen", "archiefactietermijn": "P1Y", "brondatum_archiefprocedure": {"afleidingswijze": "afgehandeld", "datumkenmerk": "", "einddatum_bekend": false, "objecttype": "", "registratie": "", "procestermijn": null}}, {"url": "http://test.openzaak.nl/catalogi/api/v1/resultaattypen/53202ec5-a300-4af3-a89f-d1fdede0a64b", "zaaktype": "http://test.openzaak.nl/catalogi/api/v1/zaaktypen/3b8c4c95-6308-4dac-a188-123cf3059ba1", "omschrijving": "Buiten behandeling g", "resultaattypeomschrijving": "https://selectielijst.openzaak.nl/api/v1/resultaattypeomschrijvingen/a6a0bd73-262a-401a-b629-9c4a908c69b5", "omschrijving_generiek": "Ingetrokken", "selectielijstklasse": "https://selectielijst.openzaak.nl/api/v1/resultaten/4811c2bc-3255-4cd4-a00a-7ed59223b8b1", "toelichting": "", "archiefnominatie": "vernietigen", "archiefactietermijn": "P5Y", "brondatum_archiefprocedure": {"afleidingswijze": "afgehandeld", "datumkenmerk": "", "einddatum_bekend": false, "objecttype": "", "registratie": "", "procestermijn": null}}, {"url": "http://test.openzaak.nl/catalogi/api/v1/resultaattypen/5320b740-0325-4420-8bf9-61d3b4c6a8f3", "zaaktype": "http://test.openzaak.nl/catalogi/api/v1/zaaktypen/3b8c4c95-6308-4dac-a188-123cf3059ba1", "omschrijving": "Toegekend", "resultaattypeomschrijving": "https://selectielijst.openzaak.nl/api/v1/resultaattypeomschrijvingen/ce8cf476-0b59-496f-8eee-957a7c6e2506", "omschrijving_generiek": "Afgebroken", "selectielijstklasse": "https://selectielijst.openzaak.nl/api/v1/resultaten/afa30940-855b-4a7e-aa21-9e15a8078814", "toelichting": "", "archiefnominatie": "vernietigen", "archiefactietermijn": "P10Y", "brondatum_archiefprocedure": {"afleidingswijze": "afgehandeld", "datumkenmerk": "", "einddatum_bekend": false, "objecttype": "", "registratie": "", "procestermijn": null}}, {"url": "http://test.openzaak.nl/catalogi/api/v1/resultaattypen/94d68d7a-47b4-4f78-8848-f6300e268b5c", "zaaktype": "http://test.openzaak.nl/catalogi/api/v1/zaaktypen/7a46965f-14a6-4ff7-9975-aabe6936fca5", "omschrijving": "Aanvraag afgewezen", "resultaattypeomschrijving": "https://selectielijst.openzaak.nl/api/v1/resultaattypeomschrijvingen/ce8cf476-0b59-496f-8eee-957a7c6e2506", "omschrijving_generiek": "Afgebroken", "selectielijstklasse": "https://selectielijst.openzaak.nl/api/v1/resultaten/733f7553-fb30-4e68-8aa6-2d211de84fb7", "toelichting": "", "archiefnominatie": "vernietigen", "archiefactietermijn": "P1Y", "brondatum_archiefprocedure": {"afleidingswijze": "afgehandeld", "datumkenmerk": "", "einddatum_bekend": false, "objecttype": "", "registratie": "", "procestermijn": null}}, {"url": "http://test.openzaak.nl/catalogi/api/v1/resultaattypen/a51ec96d-3838-41a9-b382-50c5ca6cfe34", "zaaktype": "http://test.openzaak.nl/catalogi/api/v1/zaaktypen/7a46965f-14a6-4ff7-9975-aabe6936fca5", "omschrijving": "Aanvraag geannuleerd", "resultaattypeomschrijving": "https://selectielijst.openzaak.nl/api/v1/resultaattypeomschrijvingen/ce8cf476-0b59-496f-8eee-957a7c6e2506", "omschrijving_generiek": "Afgebroken", "selectielijstklasse": "https://selectielijst.openzaak.nl/api/v1/resultaten/733f7553-fb30-4e68-8aa6-2d211de84fb7", "toelichting": "", "archiefnominatie": "vernietigen", "archiefactietermijn": "P1Y", "brondatum_archiefprocedure": {"afleidingswijze": "afgehandeld", "datumkenmerk": "", "einddatum_bekend": false, "objecttype": "", "registratie": "", "procestermijn": null}}, {"url": "http://test.openzaak.nl/catalogi/api/v1/resultaattypen/b4c0b3c8-02f7-43d9-8381-e92465b85df5", "zaaktype": "http://test.openzaak.nl/catalogi/api/v1/zaaktypen/7a46965f-14a6-4ff7-9975-aabe6936fca5", "omschrijving": "Geleverd voor 5 jaar", "resultaattypeomschrijving": "https://selectielijst.openzaak.nl/api/v1/resultaattypeomschrijvingen/f33dbd16-68ae-4820-acb5-5f437bca5edb", "omschrijving_generiek": "Verwerkt", "selectielijstklasse": "https://selectielijst.openzaak.nl/api/v1/resultaten/b3e2368f-65c7-4764-b7bf-f0d025c7609b", "toelichting": "", "archiefnominatie": "vernietigen", "archiefactietermijn": "P6Y", "brondatum_archiefprocedure": {"afleidingswijze": "hoofdzaak", "datumkenmerk": "", "einddatum_bekend": false, "objecttype": "", "registratie": "", "procestermijn": null}}, {"url": "http://test.openzaak.nl/catalogi/api/v1/resultaattypen/f5d45c12-61d3-49c9-b86a-9cd0c64341e0", "zaaktype": "http://test.openzaak.nl/catalogi/api/v1/zaaktypen/7a46965f-14a6-4ff7-9975-aabe6936fca5", "omschrijving": "Niet uitgereikt", "resultaattypeomschrijving": "https://selectielijst.openzaak.nl/api/v1/resultaattypeomschrijvingen/a6a0bd73-262a-401a-b629-9c4a908c69b5", "omschrijving_generiek": "Ingetrokken", "selectielijstklasse": "https://selectielijst.openzaak.nl/api/v1/resultaten/cf0c6097-dd84-4e01-8401-28403ab738b0", "toelichting": "", "archiefnominatie": "vernietigen", "archiefactietermijn": "P1Y", "brondatum_archiefprocedure": {"afleidingswijze": "afgehandeld", "datumkenmerk": "", "einddatum_bekend": false, "objecttype": "", "registratie": "", "procestermijn": null}}, {"url": "http://test.openzaak.nl/catalogi/api/v1/resultaattypen/41d9811e-0f3a-4230-b996-653937406997", "zaaktype": "http://test.openzaak.nl/catalogi/api/v1/zaaktypen/7a46965f-14a6-4ff7-9975-aabe6936fca5", "omschrijving": "Uitgereikt", "resultaattypeomschrijving": "https://selectielijst.openzaak.nl/api/v1/resultaattypeomschrijvingen/f33dbd16-68ae-4820-acb5-5f437bca5edb", "omschrijving_generiek": "Verwerkt", "selectielijstklasse": "https://selectielijst.openzaak.nl/api/v1/resultaten/b3e2368f-65c7-4764-b7bf-f0d025c7609b", "toelichting": "", "archiefnominatie": "vernietigen", "archiefactietermijn": "P11Y", "brondatum_archiefprocedure": {"afleidingswijze": "hoofdzaak", "datumkenmerk": "", "einddatum_bekend": false, "objecttype": "", "registratie": "", "procestermijn": null}}, {"url": "http://test.openzaak.nl/catalogi/api/v1/resultaattypen/a89f75e5-3948-456b-9b69-aaf62d2e8056", "zaaktype": "http://test.openzaak.nl/catalogi/api/v1/zaaktypen/fa932680-0c13-40cd-a098-e5928291019d", "omschrijving": "Uitgereikt", "resultaattypeomschrijving": "https://selectielijst.openzaak.nl/api/v1/resultaattypeomschrijvingen/f33dbd16-68ae-4820-acb5-5f437bca5edb", "omschrijving_generiek": "Verwerkt", "selectielijstklasse": "https://selectielijst.openzaak.nl/api/v1/resultaten/b3e2368f-65c7-4764-b7bf-f0d025c7609b", "toelichting": "", "archiefnominatie": "vernietigen", "archiefactietermijn": "P11Y", "brondatum_archiefprocedure": {"afleidingswijze": "hoofdzaak", "datumkenmerk": "", "einddatum_bekend": false, "objecttype": "", "registratie": "", "procestermijn": null}}, {"url": "http://test.openzaak.nl/catalogi/api/v1/resultaattypen/2dcecd46-d829-4ff4-9aa6-5f0bca098653", "zaaktype": "http://test.openzaak.nl/catalogi/api/v1/zaaktypen/fa932680-0c13-40cd-a098-e5928291019d", "omschrijving": "Niet uitgereikt", "resultaattypeomschrijving": "https://selectielijst.openzaak.nl/api/v1/resultaattypeomschrijvingen/a6a0bd73-262a-401a-b629-9c4a908c69b5", "omschrijving_generiek": "Ingetrokken", "selectielijstklasse": "https://selectielijst.openzaak.nl/api/v1/resultaten/cf0c6097-dd84-4e01-8401-28403ab738b0", "toelichting": "", "archiefnominatie": "vernietigen", "archiefactietermijn": "P1Y", "brondatum_archiefprocedure": {"afleidingswijze": "afgehandeld", "datumkenmerk": "", "einddatum_bekend": false, "objecttype": "", "registratie": "", "procestermijn": null}}, {"url": "http://test.openzaak.nl/catalogi/api/v1/resultaattypen/d04d9f43-9fc6-4c08-b90a-b86df2fd5402", "zaaktype": "http://test.openzaak.nl/catalogi/api/v1/zaaktypen/fa932680-0c13-40cd-a098-e5928291019d", "omschrijving": "Geleverd voor 5 jaar", "resultaattypeomschrijving": "https://selectielijst.openzaak.nl/api/v1/resultaattypeomschrijvingen/f33dbd16-68ae-4820-acb5-5f437bca5edb", "omschrijving_generiek": "Verwerkt", "selectielijstklasse": "https://selectielijst.openzaak.nl/api/v1/resultaten/b3e2368f-65c7-4764-b7bf-f0d025c7609b", "toelichting": "", "archiefnominatie": "vernietigen", "archiefactietermijn": "P6Y", "brondatum_archiefprocedure": {"afleidingswijze": "hoofdzaak", "datumkenmerk": "", "einddatum_bekend": false, "objecttype": "", "registratie": "", "procestermijn": null}}, {"url": "http://test.openzaak.nl/catalogi/api/v1/resultaattypen/c3c96ef5-941f-4f6f-92de-694b28b3315a", "zaaktype": "http://test.openzaak.nl/catalogi/api/v1/zaaktypen/fa932680-0c13-40cd-a098-e5928291019d", "omschrijving": "Aanvraag geannuleerd", "resultaattypeomschrijving": "https://selectielijst.openzaak.nl/api/v1/resultaattypeomschrijvingen/ce8cf476-0b59-496f-8eee-957a7c6e2506", "omschrijving_generiek": "Afgebroken", "selectielijstklasse": "https://selectielijst.openzaak.nl/api/v1/resultaten/733f7553-fb30-4e68-8aa6-2d211de84fb7", "toelichting": "", "archiefnominatie": "vernietigen", "archiefactietermijn": "P1Y", "brondatum_archiefprocedure": {"afleidingswijze": "afgehandeld", "datumkenmerk": "", "einddatum_bekend": false, "objecttype": "", "registratie": "", "procestermijn": null}}, {"url": "http://test.openzaak.nl/catalogi/api/v1/resultaattypen/10a6b229-19e1-4025-b42d-4ec1a7461832", "zaaktype": "http://test.openzaak.nl/catalogi/api/v1/zaaktypen/fa932680-0c13-40cd-a098-e5928291019d", "omschrijving": "Aanvraag afgewezen", "resultaattypeomschrijving": "https://selectielijst.openzaak.nl/api/v1/resultaattypeomschrijvingen/ce8cf476-0b59-496f-8eee-957a7c6e2506", "omschrijving_generiek": "Afgebroken", "selectielijstklasse": "https://selectielijst.openzaak.nl/api/v1/resultaten/733f7553-fb30-4e68-8aa6-2d211de84fb7", "toelichting": "", "archiefnominatie": "vernietigen", "archiefactietermijn": "P1Y", "brondatum_archiefprocedure": {"afleidingswijze": "afgehandeld", "datumkenmerk": "", "einddatum_bekend": false, "objecttype": "", "registratie": "", "procestermijn": null}}, {"url": "http://test.openzaak.nl/catalogi/api/v1/resultaattypen/7eef404f-aa9a-4bb7-97c8-7853ae19379f", "zaaktype": "http://test.openzaak.nl/catalogi/api/v1/zaaktypen/30aa14e5-1da1-4bcb-b1ad-b059eb5d6c7c", "omschrijving": "Buiten behandeling", "resultaattypeomschrijving": "https://selectielijst.openzaak.nl/api/v1/resultaattypeomschrijvingen/ce8cf476-0b59-496f-8eee-957a7c6e2506", "omschrijving_generiek": "Afgebroken", "selectielijstklasse": "https://selectielijst.openzaak.nl/api/v1/resultaten/f572cb0e-244a-4682-b57e-0c044c468387", "toelichting": "", "archiefnominatie": "vernietigen", "archiefactietermijn": "P5Y", "brondatum_archiefprocedure": {"afleidingswijze": "afgehandeld", "datumkenmerk": "", "einddatum_bekend": false, "objecttype": "", "registratie": "", "procestermijn": null}}, {"url": "http://test.openzaak.nl/catalogi/api/v1/resultaattypen/d27767c4-8015-4117-b818-2e64b356259a", "zaaktype": "http://test.openzaak.nl/catalogi/api/v1/zaaktypen/30aa14e5-1da1-4bcb-b1ad-b059eb5d6c7c", "omschrijving": "Ingetrokken", "resultaattypeomschrijving": "https://selectielijst.openzaak.nl/api/v1/resultaattypeomschrijvingen/a6a0bd73-262a-401a-b629-9c4a908c69b5", "omschrijving_generiek": "Ingetrokken", "selectielijstklasse": "https://selectielijst.openzaak.nl/api/v1/resultaten/12421a71-3dc3-42df-a0dc-820c1744c7b7", "toelichting": "", "archiefnominatie": "vernietigen", "archiefactietermijn": "P1Y", "brondatum_archiefprocedure": {"afleidingswijze": "afgehandeld", "datumkenmerk": "", "einddatum_bekend": false, "objecttype": "", "registratie": "", "procestermijn": null}}, {"url": "http://test.openzaak.nl/catalogi/api/v1/resultaattypen/e3857382-5173-4830-b764-e8012d79218c", "zaaktype": "http://test.openzaak.nl/catalogi/api/v1/zaaktypen/30aa14e5-1da1-4bcb-b1ad-b059eb5d6c7c", "omschrijving": "Niet verleend", "resultaattypeomschrijving": "https://selectielijst.openzaak.nl/api/v1/resultaattypeomschrijvingen/ce8cf476-0b59-496f-8eee-957a7c6e2506", "omschrijving_generiek": "Afgebroken", "selectielijstklasse": "https://selectielijst.openzaak.nl/api/v1/resultaten/f572cb0e-244a-4682-b57e-0c044c468387", "toelichting": "", "archiefnominatie": "vernietigen", "archiefactietermijn": "P5Y", "brondatum_archiefprocedure": {"afleidingswijze": "afgehandeld", "datumkenmerk": "", "einddatum_bekend": false, "objecttype": "", "registratie": "", "procestermijn": null}}, {"url": "http://test.openzaak.nl/catalogi/api/v1/resultaattypen/02e06af9-6825-44ed-960b-7cc43eac5434", "zaaktype": "http://test.openzaak.nl/catalogi/api/v1/zaaktypen/30aa14e5-1da1-4bcb-b1ad-b059eb5d6c7c", "omschrijving": "Vergunningvrij", "resultaattypeomschrijving": "https://selectielijst.openzaak.nl/api/v1/resultaattypeomschrijvingen/f7d2dc14-1b71-4179-aed3-4e7abcfbeb0d", "omschrijving_generiek": "Verleend", "selectielijstklasse": "https://selectielijst.openzaak.nl/api/v1/resultaten/2e0ff361-8887-44ed-a3fb-218c5645c2c3", "toelichting": "", "archiefnominatie": "blijvend_bewaren", "archiefactietermijn": null, "brondatum_archiefprocedure": {"afleidingswijze": "afgehandeld", "datumkenmerk": "", "einddatum_bekend": false, "objecttype": "", "registratie": "", "procestermijn": null}}, {"url": "http://test.openzaak.nl/catalogi/api/v1/resultaattypen/c7203ec0-80f9-43e1-b40e-30c9ae7edf48", "zaaktype": "http://test.openzaak.nl/catalogi/api/v1/zaaktypen/30aa14e5-1da1-4bcb-b1ad-b059eb5d6c7c", "omschrijving": "Verleend", "resultaattypeomschrijving": "https://selectielijst.openzaak.nl/api/v1/resultaattypeomschrijvingen/ce8cf476-0b59-496f-8eee-957a7c6e2506", "omschrijving_generiek": "Afgebroken", "selectielijstklasse": "https://selectielijst.openzaak.nl/api/v1/resultaten/2e0ff361-8887-44ed-a3fb-218c5645c2c3", "toelichting": "", "archiefnominatie": "blijvend_bewaren", "archiefactietermijn": null, "brondatum_archiefprocedure": {"afleidingswijze": "afgehandeld", "datumkenmerk": "", "einddatum_bekend": false, "objecttype": "", "registratie": "", "procestermijn": null}}, {"url": "http://test.openzaak.nl/catalogi/api/v1/resultaattypen/9ee4b357-92da-4fd6-b71c-df8d50143d76", "zaaktype": "http://test.openzaak.nl/catalogi/api/v1/zaaktypen/6ef7202f-698a-412e-af90-9a4a24609116", "omschrijving": "Afgebroken", "resultaattypeomschrijving": "https://selectielijst.openzaak.nl/api/v1/resultaattypeomschrijvingen/ce8cf476-0b59-496f-8eee-957a7c6e2506", "omschrijving_generiek": "Afgebroken", "selectielijstklasse": "https://selectielijst.openzaak.nl/api/v1/resultaten/6b2e6d05-5eab-4655-bcda-e6f3258e6e85", "toelichting": "", "archiefnominatie": "vernietigen", "archiefactietermijn": "P42D", "brondatum_archiefprocedure": {"afleidingswijze": "afgehandeld", "datumkenmerk": "", "einddatum_bekend": false, "objecttype": "", "registratie": "", "procestermijn": null}}, {"url": "http://test.openzaak.nl/catalogi/api/v1/resultaattypen/d29c5034-5f9f-45f8-8684-4db766f0f117", "zaaktype": "http://test.openzaak.nl/catalogi/api/v1/zaaktypen/6ef7202f-698a-412e-af90-9a4a24609116", "omschrijving": "Afgehandeld", "resultaattypeomschrijving": "https://selectielijst.openzaak.nl/api/v1/resultaattypeomschrijvingen/7cb315fb-4f7b-4a43-aca1-e4522e4c73b3", "omschrijving_generiek": "Afgehandeld", "selectielijstklasse": "https://selectielijst.openzaak.nl/api/v1/resultaten/e0e60015-84c5-4001-a8a0-1f3a87de0cfd", "toelichting": "", "archiefnominatie": "vernietigen", "archiefactietermijn": "P15Y", "brondatum_archiefprocedure": {"afleidingswijze": "afgehandeld", "datumkenmerk": "", "einddatum_bekend": false, "objecttype": "", "registratie": "", "procestermijn": null}}, {"url": "http://test.openzaak.nl/catalogi/api/v1/resultaattypen/8c084b6d-2070-489a-946b-d69846376e4d", "zaaktype": "http://test.openzaak.nl/catalogi/api/v1/zaaktypen/6ef7202f-698a-412e-af90-9a4a24609116", "omschrijving": "Buiten behandeling g", "resultaattypeomschrijving": "https://selectielijst.openzaak.nl/api/v1/resultaattypeomschrijvingen/9c180d8b-2dd7-4a6f-89fa-7ba4d2f0cd8d", "omschrijving_generiek": "Niet vastgesteld", "selectielijstklasse": "https://selectielijst.openzaak.nl/api/v1/resultaten/51968c23-bde6-46a3-8b44-6551b776400c", "toelichting": "", "archiefnominatie": "vernietigen", "archiefactietermijn": "P5Y", "brondatum_archiefprocedure": {"afleidingswijze": "afgehandeld", "datumkenmerk": "", "einddatum_bekend": false, "objecttype": "", "registratie": "", "procestermijn": null}}, {"url": "http://test.openzaak.nl/catalogi/api/v1/resultaattypen/464e6004-71fd-43a3-9ecc-b5859ab9d439", "zaaktype": "http://test.openzaak.nl/catalogi/api/v1/zaaktypen/6ef7202f-698a-412e-af90-9a4a24609116", "omschrijving": "Geweigerd", "resultaattypeomschrijving": "https://selectielijst.openzaak.nl/api/v1/resultaattypeomschrijvingen/1f750958-431c-4916-bc01-af5d3a753b41", "omschrijving_generiek": "Geweigerd", "selectielijstklasse": "https://selectielijst.openzaak.nl/api/v1/resultaten/51968c23-bde6-46a3-8b44-6551b776400c", "toelichting": "", "archiefnominatie": "vernietigen", "archiefactietermijn": "P5Y", "brondatum_archiefprocedure": {"afleidingswijze": "afgehandeld", "datumkenmerk": "", "einddatum_bekend": false, "objecttype": "", "registratie": "", "procestermijn": null}}, {"url": "http://test.openzaak.nl/catalogi/api/v1/resultaattypen/27682515-1ada-4640-81a4-571d2c17b16d", "zaaktype": "http://test.openzaak.nl/catalogi/api/v1/zaaktypen/2664b8fc-0890-47a8-be64-7b67695bf554", "omschrijving": "Geweigerd", "resultaattypeomschrijving": "https://selectielijst.openzaak.nl/api/v1/resultaattypeomschrijvingen/1f750958-431c-4916-bc01-af5d3a753b41", "omschrijving_generiek": "Geweigerd", "selectielijstklasse": "https://selectielijst.openzaak.nl/api/v1/resultaten/51968c23-bde6-46a3-8b44-6551b776400c", "toelichting": "", "archiefnominatie": "vernietigen", "archiefactietermijn": "P5Y", "brondatum_archiefprocedure": {"afleidingswijze": "afgehandeld", "datumkenmerk": "", "einddatum_bekend": false, "objecttype": "", "registratie": "", "procestermijn": null}}, {"url": "http://test.openzaak.nl/catalogi/api/v1/resultaattypen/d37e1e9b-118f-4dc8-a736-4b31d70bc4db", "zaaktype": "http://test.openzaak.nl/catalogi/api/v1/zaaktypen/2664b8fc-0890-47a8-be64-7b67695bf554", "omschrijving": "Buiten behandeling g", "resultaattypeomschrijving": "https://selectielijst.openzaak.nl/api/v1/resultaattypeomschrijvingen/9c180d8b-2dd7-4a6f-89fa-7ba4d2f0cd8d", "omschrijving_generiek": "Niet vastgesteld", "selectielijstklasse": "https://selectielijst.openzaak.nl/api/v1/resultaten/51968c23-bde6-46a3-8b44-6551b776400c", "toelichting": "", "archiefnominatie": "vernietigen", "archiefactietermijn": "P5Y", "brondatum_archiefprocedure": {"afleidingswijze": "afgehandeld", "datumkenmerk": "", "einddatum_bekend": false, "objecttype": "", "registratie": "", "procestermijn": null}}, {"url": "http://test.openzaak.nl/catalogi/api/v1/resultaattypen/8d399b65-8618-4e7c-9bf4-33e923c0101d", "zaaktype": "http://test.openzaak.nl/catalogi/api/v1/zaaktypen/2664b8fc-0890-47a8-be64-7b67695bf554", "omschrijving": "Afgehandeld", "resultaattypeomschrijving": "https://selectielijst.openzaak.nl/api/v1/resultaattypeomschrijvingen/7cb315fb-4f7b-4a43-aca1-e4522e4c73b3", "omschrijving_generiek": "Afgehandeld", "selectielijstklasse": "https://selectielijst.openzaak.nl/api/v1/resultaten/e0e60015-84c5-4001-a8a0-1f3a87de0cfd", "toelichting": "", "archiefnominatie": "vernietigen", "archiefactietermijn": "P15Y", "brondatum_archiefprocedure": {"afleidingswijze": "afgehandeld", "datumkenmerk": "", "einddatum_bekend": false, "objecttype": "", "registratie": "", "procestermijn": null}}, {"url": "http://test.openzaak.nl/catalogi/api/v1/resultaattypen/952eab43-0d40-49bc-9756-b207ac2b5056", "zaaktype": "http://test.openzaak.nl/catalogi/api/v1/zaaktypen/2664b8fc-0890-47a8-be64-7b67695bf554", "omschrijving": "Afgebroken", "resultaattypeomschrijving": "https://selectielijst.openzaak.nl/api/v1/resultaattypeomschrijvingen/ce8cf476-0b59-496f-8eee-957a7c6e2506", "omschrijving_generiek": "Afgebroken", "selectielijstklasse": "https://selectielijst.openzaak.nl/api/v1/resultaten/6b2e6d05-5eab-4655-bcda-e6f3258e6e85", "toelichting": "", "archiefnominatie": "vernietigen", "archiefactietermijn": "P42D", "brondatum_archiefprocedure": {"afleidingswijze": "afgehandeld", "datumkenmerk": "", "einddatum_bekend": false, "objecttype": "", "registratie": "", "procestermijn": null}}]