[{"url": "http://test.openzaak.nl/catalogi/api/v1/roltypen/59a03b7a-ac19-410c-996b-1dfe3e81324e", "zaaktype": "http://test.openzaak.nl/catalogi/api/v1/zaaktypen/0ca6b0b2-3394-4881-bada-6e8a68ec910e", "omschrijving": "Behandelaar", "omschrijving_generiek": "behandelaar"}, {"url": "http://test.openzaak.nl/catalogi/api/v1/roltypen/73b14771-eb54-480c-859d-b9dd10af15e7", "zaaktype": "http://test.openzaak.nl/catalogi/api/v1/zaaktypen/0ca6b0b2-3394-4881-bada-6e8a68ec910e", "omschrijving": "Initiator", "omschrijving_generiek": "initiator"}, {"url": "http://test.openzaak.nl/catalogi/api/v1/roltypen/0ac4b723-e7c3-4d97-bf74-90d34b3c666d", "zaaktype": "http://test.openzaak.nl/catalogi/api/v1/zaaktypen/0ca6b0b2-3394-4881-bada-6e8a68ec910e", "omschrijving": "Uitvoerende", "omschrijving_generiek": "beslisser"}, {"url": "http://test.openzaak.nl/catalogi/api/v1/roltypen/93986b87-d949-4437-a4c9-f2f0514d600e", "zaaktype": "http://test.openzaak.nl/catalogi/api/v1/zaaktypen/3b8c4c95-6308-4dac-a188-123cf3059ba1", "omschrijving": "BetrekkingOp", "omschrijving_generiek": "belanghebbende"}, {"url": "http://test.openzaak.nl/catalogi/api/v1/roltypen/1ead79f9-0847-4caa-867b-f6310fb5217f", "zaaktype": "http://test.openzaak.nl/catalogi/api/v1/zaaktypen/3b8c4c95-6308-4dac-a188-123cf3059ba1", "omschrijving": "Verantwoordelijke", "omschrijving_generiek": "beslisser"}, {"url": "http://test.openzaak.nl/catalogi/api/v1/roltypen/a4e301b6-5bad-48c0-972c-18b061286d93", "zaaktype": "http://test.openzaak.nl/catalogi/api/v1/zaaktypen/3b8c4c95-6308-4dac-a188-123cf3059ba1", "omschrijving": "Uitvoerende", "omschrijving_generiek": "belanghebbende"}, {"url": "http://test.openzaak.nl/catalogi/api/v1/roltypen/048cc16c-5846-49ff-900c-a9e063711418", "zaaktype": "http://test.openzaak.nl/catalogi/api/v1/zaaktypen/3b8c4c95-6308-4dac-a188-123cf3059ba1", "omschrijving": "Initiator", "omschrijving_generiek": "initiator"}, {"url": "http://test.openzaak.nl/catalogi/api/v1/roltypen/ccf4c5a6-9eba-421a-a043-8dad8c6b8a64", "zaaktype": "http://test.openzaak.nl/catalogi/api/v1/zaaktypen/3b8c4c95-6308-4dac-a188-123cf3059ba1", "omschrijving": "Belanghebbende", "omschrijving_generiek": "belanghebbende"}, {"url": "http://test.openzaak.nl/catalogi/api/v1/roltypen/7f106b58-5956-42e1-ae90-4898e306432c", "zaaktype": "http://test.openzaak.nl/catalogi/api/v1/zaaktypen/7a46965f-14a6-4ff7-9975-aabe6936fca5", "omschrijving": "Initiator", "omschrijving_generiek": "initiator"}, {"url": "http://test.openzaak.nl/catalogi/api/v1/roltypen/9839a0a1-e1d8-460f-ace3-702df57fd714", "zaaktype": "http://test.openzaak.nl/catalogi/api/v1/zaaktypen/7a46965f-14a6-4ff7-9975-aabe6936fca5", "omschrijving": "Uitvoerende", "omschrijving_generiek": "behandelaar"}, {"url": "http://test.openzaak.nl/catalogi/api/v1/roltypen/7b727bbc-dfcd-4ae1-87f0-14bbbc60d0f3", "zaaktype": "http://test.openzaak.nl/catalogi/api/v1/zaaktypen/fa932680-0c13-40cd-a098-e5928291019d", "omschrijving": "Uitvoerende", "omschrijving_generiek": "behandelaar"}, {"url": "http://test.openzaak.nl/catalogi/api/v1/roltypen/4b3af5a1-405e-4a6d-9a45-4e47fec66923", "zaaktype": "http://test.openzaak.nl/catalogi/api/v1/zaaktypen/fa932680-0c13-40cd-a098-e5928291019d", "omschrijving": "Initiator", "omschrijving_generiek": "initiator"}, {"url": "http://test.openzaak.nl/catalogi/api/v1/roltypen/d7636a39-355c-4701-9ae3-4fe0c8bc2a87", "zaaktype": "http://test.openzaak.nl/catalogi/api/v1/zaaktypen/30aa14e5-1da1-4bcb-b1ad-b059eb5d6c7c", "omschrijving": "Behandelaar", "omschrijving_generiek": "behandelaar"}, {"url": "http://test.openzaak.nl/catalogi/api/v1/roltypen/b6aee509-cffe-4f35-acd4-88c0177aac7e", "zaaktype": "http://test.openzaak.nl/catalogi/api/v1/zaaktypen/30aa14e5-1da1-4bcb-b1ad-b059eb5d6c7c", "omschrijving": "Initiator", "omschrijving_generiek": "initiator"}, {"url": "http://test.openzaak.nl/catalogi/api/v1/roltypen/4e7ffea9-8ff8-4f71-9652-4fae1e5d7d91", "zaaktype": "http://test.openzaak.nl/catalogi/api/v1/zaaktypen/30aa14e5-1da1-4bcb-b1ad-b059eb5d6c7c", "omschrijving": "Belanghebbende", "omschrijving_generiek": "belanghebbende"}, {"url": "http://test.openzaak.nl/catalogi/api/v1/roltypen/fd04e9ad-dca8-4bd7-9175-bb3306ffc0c9", "zaaktype": "http://test.openzaak.nl/catalogi/api/v1/zaaktypen/6ef7202f-698a-412e-af90-9a4a24609116", "omschrijving": "Belanghebbende", "omschrijving_generiek": "belanghebbende"}, {"url": "http://test.openzaak.nl/catalogi/api/v1/roltypen/391daaf9-5712-44d9-ac7a-b7ccf0928d6f", "zaaktype": "http://test.openzaak.nl/catalogi/api/v1/zaaktypen/6ef7202f-698a-412e-af90-9a4a24609116", "omschrijving": "BetrekkingOp", "omschrijving_generiek": "belanghebbende"}, {"url": "http://test.openzaak.nl/catalogi/api/v1/roltypen/2af72de4-6e26-4860-9b79-4138729c93de", "zaaktype": "http://test.openzaak.nl/catalogi/api/v1/zaaktypen/6ef7202f-698a-412e-af90-9a4a24609116", "omschrijving": "Initiator", "omschrijving_generiek": "initiator"}, {"url": "http://test.openzaak.nl/catalogi/api/v1/roltypen/f18dc92e-78c8-4034-b3ce-69639f1847ff", "zaaktype": "http://test.openzaak.nl/catalogi/api/v1/zaaktypen/6ef7202f-698a-412e-af90-9a4a24609116", "omschrijving": "Uitvoerende", "omschrijving_generiek": "behandelaar"}, {"url": "http://test.openzaak.nl/catalogi/api/v1/roltypen/359b9328-1321-4549-a68b-0ec2d5aee20b", "zaaktype": "http://test.openzaak.nl/catalogi/api/v1/zaaktypen/6ef7202f-698a-412e-af90-9a4a24609116", "omschrijving": "Verantwoordelijke", "omschrijving_generiek": "beslisser"}, {"url": "http://test.openzaak.nl/catalogi/api/v1/roltypen/8fe83ae1-ce67-4013-8cc5-83dec7bb095a", "zaaktype": "http://test.openzaak.nl/catalogi/api/v1/zaaktypen/2664b8fc-0890-47a8-be64-7b67695bf554", "omschrijving": "Verantwoordelijke", "omschrijving_generiek": "beslisser"}, {"url": "http://test.openzaak.nl/catalogi/api/v1/roltypen/6d2f09ca-9065-4e04-9170-8afba1ce4c8c", "zaaktype": "http://test.openzaak.nl/catalogi/api/v1/zaaktypen/2664b8fc-0890-47a8-be64-7b67695bf554", "omschrijving": "Uitvoerende", "omschrijving_generiek": "behandelaar"}, {"url": "http://test.openzaak.nl/catalogi/api/v1/roltypen/d519aa55-7fab-4e0a-a361-f79756ff0c6f", "zaaktype": "http://test.openzaak.nl/catalogi/api/v1/zaaktypen/2664b8fc-0890-47a8-be64-7b67695bf554", "omschrijving": "Initiator", "omschrijving_generiek": "initiator"}, {"url": "http://test.openzaak.nl/catalogi/api/v1/roltypen/057287ad-f601-48a9-bf92-a4727d605897", "zaaktype": "http://test.openzaak.nl/catalogi/api/v1/zaaktypen/2664b8fc-0890-47a8-be64-7b67695bf554", "omschrijving": "BetrekkingOp", "omschrijving_generiek": "belanghebbende"}, {"url": "http://test.openzaak.nl/catalogi/api/v1/roltypen/2ccccb4f-d228-4d75-bcf4-0986741c2fdb", "zaaktype": "http://test.openzaak.nl/catalogi/api/v1/zaaktypen/2664b8fc-0890-47a8-be64-7b67695bf554", "omschrijving": "Belanghebbende", "omschrijving_generiek": "belanghebbende"}, {"url": "http://test.openzaak.nl/catalogi/api/v1/roltypen/47b5eef4-9fb9-46e0-9226-16f76a4aa488", "zaaktype": "http://test.openzaak.nl/catalogi/api/v1/zaaktypen/aa954016-c5cf-4815-b21f-b03aa27ac20b", "omschrijving": "Belanghebbende", "omschrijving_generiek": "belanghebbende"}, {"url": "http://test.openzaak.nl/catalogi/api/v1/roltypen/d6e1f494-b94b-4f54-98b5-d68befff2101", "zaaktype": "http://test.openzaak.nl/catalogi/api/v1/zaaktypen/aa954016-c5cf-4815-b21f-b03aa27ac20b", "omschrijving": "BetrekkingOp", "omschrijving_generiek": "belanghebbende"}, {"url": "http://test.openzaak.nl/catalogi/api/v1/roltypen/c459996e-fe6a-4156-9b7f-7cc6cf740c4a", "zaaktype": "http://test.openzaak.nl/catalogi/api/v1/zaaktypen/aa954016-c5cf-4815-b21f-b03aa27ac20b", "omschrijving": "Initiator", "omschrijving_generiek": "initiator"}, {"url": "http://test.openzaak.nl/catalogi/api/v1/roltypen/35490705-1d42-483c-8281-d39cc8241a43", "zaaktype": "http://test.openzaak.nl/catalogi/api/v1/zaaktypen/aa954016-c5cf-4815-b21f-b03aa27ac20b", "omschrijving": "Uitvoerende", "omschrijving_generiek": "behandelaar"}, {"url": "http://test.openzaak.nl/catalogi/api/v1/roltypen/b23481e7-7132-4a1e-a71a-8513646a9965", "zaaktype": "http://test.openzaak.nl/catalogi/api/v1/zaaktypen/aa954016-c5cf-4815-b21f-b03aa27ac20b", "omschrijving": "Verantwoordelijke", "omschrijving_generiek": "beslisser"}, {"url": "http://test.openzaak.nl/catalogi/api/v1/roltypen/4ca1cabf-fccc-458e-853f-01717983093a", "zaaktype": "http://test.openzaak.nl/catalogi/api/v1/zaaktypen/54fac425-9888-4920-824d-debe07098ed2", "omschrijving": "Belanghebbende", "omschrijving_generiek": "belanghebbende"}, {"url": "http://test.openzaak.nl/catalogi/api/v1/roltypen/b543670a-f270-4e38-b23d-9fdb98acd37f", "zaaktype": "http://test.openzaak.nl/catalogi/api/v1/zaaktypen/54fac425-9888-4920-824d-debe07098ed2", "omschrijving": "BetrekkingOp", "omschrijving_generiek": "belanghebbende"}, {"url": "http://test.openzaak.nl/catalogi/api/v1/roltypen/36644edb-336d-4320-bc67-07114e6536dd", "zaaktype": "http://test.openzaak.nl/catalogi/api/v1/zaaktypen/54fac425-9888-4920-824d-debe07098ed2", "omschrijving": "Initiator", "omschrijving_generiek": "initiator"}, {"url": "http://test.openzaak.nl/catalogi/api/v1/roltypen/d4f00ca5-baf4-451f-89da-517a2a8028ad", "zaaktype": "http://test.openzaak.nl/catalogi/api/v1/zaaktypen/54fac425-9888-4920-824d-debe07098ed2", "omschrijving": "Uitvoerende", "omschrijving_generiek": "behandelaar"}, {"url": "http://test.openzaak.nl/catalogi/api/v1/roltypen/12b69d53-5f33-45b8-a000-bbbbe90afee9", "zaaktype": "http://test.openzaak.nl/catalogi/api/v1/zaaktypen/54fac425-9888-4920-824d-debe07098ed2", "omschrijving": "Verantwoordelijke", "omschrijving_generiek": "beslisser"}]