[{"url": "http://test.openzaak.nl/catalogi/api/v1/zaaktype-informatieobjecttypen/855fe733-ac39-4d3c-b923-f4b8551d512b", "zaaktype": "http://test.openzaak.nl/catalogi/api/v1/zaaktypen/3b8c4c95-6308-4dac-a188-123cf3059ba1", "informatieobjecttype": "http://test.openzaak.nl/catalogi/api/v1/informatieobjecttypen/c17964df-8777-4a13-8913-31a9bb37726a", "volgnummer": 1, "richting": "intern", "statustype": null}, {"url": "http://test.openzaak.nl/catalogi/api/v1/zaaktype-informatieobjecttypen/17b9461b-b5b7-4625-8562-240fcbf67465", "zaaktype": "http://test.openzaak.nl/catalogi/api/v1/zaaktypen/2664b8fc-0890-47a8-be64-7b67695bf554", "informatieobjecttype": "http://test.openzaak.nl/catalogi/api/v1/informatieobjecttypen/d10b3a2d-a7f9-45b5-9010-51ab58f3ac4e", "volgnummer": 1, "richting": "inkomend", "statustype": null}]